timestamp,city,spectral_signature,pollutant_composition,hotspot_detection,spatial_resolution,spectral_resolution,data_source,quality_flag
2024-01-01,Delhi,"[0.5179303964656475, 0.49304581094114813, 0.4434659061456078, 0.5480378932471546, 0.5548539751854171, 0.4251936410756907, 0.5048082768303147, 0.34736095992000693, 0.5610375408015418, 0.6156640053622252, 0.6543274055593301, 0.5370225782181246, 0.5140605823496732, 0.3839696338493757, 0.5654789668195135, 0.39621191653320464, 0.5407438967722026, 0.4782484564453092, 0.3533899264814694, 0.45224310718060706, 0.511533366710938, 0.4616929591188939, 0.48341654976478776, 0.6071277968634323, 0.5649286997823455, 0.5341066181972834, 0.5488460521855922, 0.4595110400085076, 0.5777724641561923, 0.4577433334976406, 0.4620698905411267, 0.4800048011580078, 0.6081735172104883, 0.5395358773619812, 0.6172374426613791, 0.261979923874351, 0.6384617364235137, 0.3452477654835412, 0.4887827790259585, 0.2834925726751131, 0.5569711686251102, 0.3994624474593913, 0.6430316019304085, 0.5625478219203018, 0.4108133674580025, 0.6518524775327093, 0.643779832821689, 0.6622762421939867, 0.507920243147678, 0.5510116846328554, 0.585136376689701, 0.7058848366755537, 0.4327077168147257, 0.3750681946580677, 0.6492618280514809, 0.4177985676012783, 0.3623659658131818, 0.32973912589523346, 0.3861432352596892, 0.43595150561039986, 0.5118781726205307, 0.37362286772813913, 0.48172837847242367, 0.5530758073183787, 0.4660614645457891, 0.3882347787485927, 0.5314586890149335, 0.32707869668140405, 0.371831949363419, 0.41094604141458857, 0.6443417613078604, 0.43907996612557526, 0.5395736621225697, 0.3679405658910101, 0.4628398655033636, 0.6584829173154202, 0.4589102357628803, 0.3538019008705525, 0.46100966150324185, 0.49039773207713105, 0.4953806232244221, 0.4195263265643465, 0.6546478877249693, 0.3905282134464375, 0.5101683679005811, 0.6674565440704242, 0.2888902549436858, 0.43770832322917363, 0.6752416666228662, 0.47389539073867026, 0.5567353942015588, 0.5799654449166467, 0.422075172546781, 0.3390225875863537, 0.5278454323223992, 0.48153350934728895, 0.31514221831019285, 0.4703147373053585, 0.36204028731078425, 0.6371454917206149]","{""soot"": 0.14850992852260111, ""sulfate"": 0.11195808528346995, ""nitrate"": 0.12017001213069323, ""organic_carbon"": 0.20561316324266854, ""dust"": 0.057208616502897915}",traffic,1m,10nm,hsi,1
2024-01-01,Mumbai,"[0.5279909709527689, 0.7043724057644354, 0.6051166337460743, 0.5624936047943919, 0.5179010331796075, 0.41221883320093333, 0.6895739233190687, 0.4371593677218027, 0.5398714779060221, 0.3321043097531926, 0.28043734410282584, 0.5844823906420982, 0.46929127083132255, 0.4177262270716614, 0.4691329248875591, 0.6612253809215333, 0.6423565873170334, 0.3769980007224796, 0.5635675814729687, 0.3856993578719969, 0.47882015336368655, 0.6080680255483897, 0.6058232879478765, 0.5878843943598991, 0.4940168233088871, 0.6645491904787859, 0.45597635578254886, 0.5179295214018698, 0.3998142774576854, 0.4975931228731967, 0.4505090432084732, 0.527028229457613, 0.4329329662045168, 0.6397588234110054, 0.44399674764913477, 0.4326750886111572, 0.4209273432379792, 0.35462997386624806, 0.6021952987058029, 0.6060675603296458, 0.4580299949050745, 0.636508378250806, 0.4044172345161974, 0.4646610142943797, 0.4450079889338663, 0.4151614333309342, 0.41665519443145393, 0.4635281300533106, 0.44273442257073786, 0.3823905542444352, 0.6377513325211209, 0.48909934589315984, 0.553543014642442, 0.5813067484517616, 0.48722654503340884, 0.6057186198504957, 0.4897051113898632, 0.6331723996971664, 0.3753622777752273, 0.43883487280710326, 0.512457968302173, 0.5283640216985148, 0.5419708256753788, 0.5198430654670836, 0.4102618789119161, 0.5132036342909149, 0.5825672645137142, 0.5116283001805086, 0.5451397219765163, 0.5690045703715336, 0.5203046981565872, 0.6349453575552864, 0.3955392135257296, 0.49814604845441407, 0.3855050563344473, 0.3080194342495575, 0.7182707178098369, 0.6272001588654362, 0.4196313914254226, 0.5539119304202802, 0.559806384037416, 0.5750266764370386, 0.4968444888226704, 0.5692329055785054, 0.44903972158589484, 0.5389039965156052, 0.36304891959980823, 0.4190625431202579, 0.4596386409550999, 0.5260690694983946, 0.4142089615505659, 0.5403733149306373, 0.6907917336687119, 0.4865925451168456, 0.4363832355802031, 0.5079675888629338, 0.506210452511638, 0.582121243831833, 0.4884037027936118, 0.46795172053520107]","{""soot"": 0.21283497868075002, ""sulfate"": 0.0716721405097433, ""nitrate"": 0.11206004020981453, ""organic_carbon"": 0.39366880172663776, ""dust"": 0.10896235510201699}",residential,1m,10nm,hsi,1
2024-01-01,Bengaluru,"[0.5909170442492947, 0.5940030955371063, 0.48273748811358896, 0.5273204403686833, 0.4691751142227395, 0.537483074979461, 0.6524544620192868, 0.5118543981711497, 0.4705599453391886, 0.4666269108618442, 0.5416079249330101, 0.5343046669870006, 0.5549382806023119, 0.5881022300065393, 0.4521934361696885, 0.43536263469069997, 0.6162604174928523, 0.4162847678464211, 0.6150926050323562, 0.5504889386328801, 0.37054549116115915, 0.5498985395365598, 0.2619934390235007, 0.6615520206995182, 0.7510154147696602, 0.5711601747327322, 0.5199663965788118, 0.6047901423271894, 0.5585904733177094, 0.6671144072047259, 0.4187208083304575, 0.38771600683848306, 0.4331913293785862, 0.5872902451682931, 0.4888623633028061, 0.45226671136606844, 0.50408257869376, 0.38262331965928664, 0.4608636198741416, 0.5253280657760183, 0.5125361980961416, 0.4288770258810347, 0.3140535019540686, 0.44447616807524054, 0.4788185583108119, 0.5027688099207122, 0.3567738391097352, 0.45691514549690737, 0.30732367575776454, 0.5852202797457207, 0.382593065785723, 0.49161698503680423, 0.34247476863241455, 0.15295527038558798, 0.491595943633181, 0.6487982382764947, 0.530765626075521, 0.644831406107577, 0.4376888105817569, 0.6705301285981845, 0.5447386118321011, 0.633097222963446, 0.3857092218746506, 0.5185047191569204, 0.48673692246751543, 0.6439265041343887, 0.3928399404717893, 0.7549695975562707, 0.45489151944682094, 0.38775994962432414, 0.5269509516290092, 0.3492119774609469, 0.5648783562479553, 0.5359060606111274, 0.5942816970604661, 0.473458979553348, 0.6526908732221628, 0.5321987219535262, 0.6137698893182948, 0.5657215300913205, 0.46736838922936813, 0.43816379510647274, 0.6805390733774546, 0.4670721699305125, 0.36024687149326007, 0.540310143670504, 0.3548790316052942, 0.4847284815192291, 0.4010139264086681, 0.47954993965901205, 0.33791771649623825, 0.4207507235804976, 0.37755937654911675, 0.5860330843964731, 0.632116681059841, 0.44959177749257495, 0.5421429830505814, 0.4838835862781887, 0.6038918414280678, 0.7145887093317512]","{""soot"": 0.13714454747170549, ""sulfate"": 0.17761618342320223, ""nitrate"": 0.16120806244417935, ""organic_carbon"": 0.33658906375606334, ""dust"": 0.07578491522568569}",industrial,1m,10nm,hsi,1
2024-01-01,Chennai,"[0.5571442466659212, 0.34231950600813965, 0.3344784444826734, 0.6007340292971229, 0.47470064382580424, 0.5376163377209799, 0.44619437686462426, 0.6021060807325167, 0.34844197690038614, 0.4285482600456028, 0.6524043174545167, 0.491819779987891, 0.36042801531682267, 0.4865930889953568, 0.5886788493347066, 0.3724740708911113, 0.4826646833366274, 0.4257850779283349, 0.5474446633345992, 0.6539460979210723, 0.5527108124750094, 0.5966652379265381, 0.504516553091564, 0.2808455682159603, 0.5366709035503572, 0.44363838109058845, 0.4457959266265167, 0.3209985158175611, 0.5154094607027216, 0.6609610486756295, 0.5947679136048455, 0.7833256651331832, 0.6583909096146694, 0.44543946072972207, 0.3674054641002031, 0.47347124222306514, 0.5681176590754929, 0.45760303633116195, 0.5193662444958626, 0.5007614197333272, 0.3964048617762466, 0.5079439398933816, 0.3564001755699147, 0.4327996676913212, 0.548922365371522, 0.44607383810875456, 0.48565394518763133, 0.37333965584819573, 0.597537871039767, 0.588904224853481, 0.36926577464719956, 0.5165870849338228, 0.47790978162474124, 0.39038356601702007, 0.5501819638565637, 0.4849259050476909, 0.38169573551056596, 0.7700854981037839, 0.49249264070321547, 0.5813315497982436, 0.4193745818276423, 0.5387250569285721, 0.5331618118094907, 0.5724833561741328, 0.5329974894442432, 0.46878284831872713, 0.5419231225146502, 0.5322665107441589, 0.46063553740921354, 0.5508888304066857, 0.52843279173607, 0.4449186848802358, 0.8341836910733877, 0.44161016867431147, 0.3832735234388581, 0.5575329630470669, 0.578690159289075, 0.39704320267652354, 0.4810524615627857, 0.3537700909121833, 0.3764564543361411, 0.26205423019382945, 0.4900447135292338, 0.41703702315528557, 0.5760839926090233, 0.4743467742281078, 0.7397183332335637, 0.43569584822037677, 0.42194772031368455, 0.29729967940186663, 0.5406209834083622, 0.661454532554905, 0.3845698668701072, 0.45391119305768646, 0.4795413927547411, 0.5383047734587919, 0.48884972246735753, 0.49164218235819446, 0.42422782267346876, 0.5747941476093588]","{""soot"": 0.10409233358095599, ""sulfate"": 0.13885338504992956, ""nitrate"": 0.19079897095852147, ""organic_carbon"": 0.3657419859730385, ""dust"": 0.1295496192966804}",agricultural,1m,10nm,hsi,1
2024-01-01,Kolkata,"[0.5925444520984422, 0.43145507083669016, 0.5816050317007233, 0.4817281240196204, 0.5354867018939442, 0.4894817708067325, 0.5208857505155949, 0.45314219268109485, 0.6839833304568494, 0.43932364577301, 0.36464129697057057, 0.4787570681271172, 0.450297453107624, 0.45535537884394195, 0.5309361997425339, 0.49415177786397346, 0.3358672341267623, 0.5612059320294887, 0.5439280154028733, 0.5716772327634665, 0.37210693777658255, 0.5893489328141144, 0.6364836583701988, 0.41887035353262725, 0.5143808430377297, 0.4490111320547431, 0.5728530003653638, 0.4458828954605136, 0.4460388352410543, 0.5466771609155382, 0.5303123362581463, 0.4811928335097554, 0.4169512425424813, 0.4502175931963005, 0.4400841829218129, 0.5160611805645299, 0.33970056590677267, 0.3968394565282636, 0.5398129453682045, 0.49173686838703273, 0.5634470836135381, 0.6175703654471882, 0.3873542366175025, 0.5037134184945502, 0.5195296167408396, 0.4725194139774774, 0.5858367481097868, 0.5141888859833517, 0.48000369320865593, 0.49924294822232756, 0.5860232756084467, 0.6021792401456588, 0.39661495572430877, 0.48292262365210553, 0.5368378888645318, 0.3659789445967363, 0.4974269843116857, 0.5548657775713209, 0.33767856073874136, 0.39197150554659155, 0.6848954439921686, 0.5975571038168456, 0.42197955368508144, 0.5051964650705965, 0.5431714527773405, 0.4934290021440466, 0.5414937897318515, 0.6118013665453397, 0.6236261359725501, 0.49766134914086746, 0.5437359173031303, 0.26422255749630075, 0.7052190514059548, 0.4205801474790496, 0.5213211464663373, 0.5357001103625154, 0.517863636216933, 0.5657657342698029, 0.5120968862598709, 0.4768511416841659, 0.6201385367810255, 0.40742398048561945, 0.47459785553441397, 0.7453507952253025, 0.42389254543554733, 0.48617708921156194, 0.3768325225382772, 0.5560164748225273, 0.5877524027122522, 0.32173692844113505, 0.45839425918293014, 0.6377338072350731, 0.49697380525992996, 0.44558592368937533, 0.5343209524261802, 0.47504086874119017, 0.36485228999282826, 0.44838156126739537, 0.3358422615715654, 0.6064164004426671]","{""soot"": 0.16533089322628794, ""sulfate"": 0.09033799747574225, ""nitrate"": 0.10717248504635796, ""organic_carbon"": 0.3311496513089647, ""dust"": 0.13480010485889887}",residential,1m,10nm,hsi,1
2024-01-02,Delhi,"[0.5163021228418023, 0.599739664520839, 0.35391579304994525, 0.6466448270239499, 0.5694095147186785, 0.40626946554791377, 0.5778147222088375, 0.3568886893949159, 0.4684582376655125, 0.3888418982893225, 0.4147745039477651, 0.5147189311884395, 0.5965476781673309, 0.4845892945456408, 0.3193366499854464, 0.5701810488564731, 0.4717994402372263, 0.4811458553035757, 0.45923214409621627, 0.3144096867681049, 0.43862845019258784, 0.5818600552748298, 0.45993227333543785, 0.4348624221896436, 0.47892415982874303, 0.49195873698491627, 0.5510277663218118, 0.5144244833020152, 0.3571484484139062, 0.7594232211199238, 0.6183122072625767, 0.5610671604765248, 0.49865307977553885, 0.3400733447350536, 0.6387274742815817, 0.6516537167291766, 0.6000830110980607, 0.5045781781290655, 0.4751792834473604, 0.6101477306103872, 0.5262319194229265, 0.5614762799061893, 0.5221844928693069, 0.4528692506028532, 0.5864700950862717, 0.5121225748800717, 0.512803149533246, 0.5655034677249073, 0.6451615452565067, 0.5865150993434785, 0.5369401540383918, 0.5099868567120176, 0.4702211723722892, 0.5297870585673822, 0.4632682073162845, 0.5707270680965036, 0.5541078256476545, 0.574636149612146, 0.6332717731415569, 0.5957031316967127, 0.5922953274889339, 0.5328785979855948, 0.3608134302737509, 0.4105778773771074, 0.5351256158404992, 0.522085917333238, 0.40846823496998713, 0.3892334797419349, 0.48762896844225806, 0.5044808716890516, 0.4375265783605916, 0.4573219825399345, 0.43105126035266506, 0.4871166308265374, 0.4798838294283984, 0.5904083261382466, 0.39597705626081214, 0.6299526744483348, 0.654224173182439, 0.5000905656346626, 0.4517853427677143, 0.520143592264999, 0.48508546489020093, 0.5052240053682158, 0.5701355198904918, 0.5213484318864567, 0.48851450889708126, 0.39340700249837535, 0.49177570585694963, 0.5680134312130212, 0.5656756626694052, 0.43270019697198386, 0.46482185820438926, 0.44705252126205847, 0.5951614392314901, 0.5004040525450707, 0.45755517480393926, 0.4202071624862884, 0.6847546541651137, 0.7100372795806048]","{""soot"": 0.290142296318212, ""sulfate"": 0.08777531237247249, ""nitrate"": 0.16307835718131375, ""organic_carbon"": 0.24462887387462146, ""dust"": 0.14469176438871223}",industrial,1m,10nm,hsi,1
2024-01-02,Mumbai,"[0.40608358683454604, 0.4355045787541296, 0.46798058398805115, 0.46473829751867585, 0.266700322470222, 0.4206910624885003, 0.6383025139490726, 0.5040645831035587, 0.45637904722593814, 0.3700377740897047, 0.5416193318802673, 0.4076349143247907, 0.7336415369710582, 0.5393870832239911, 0.5367678450474993, 0.5535112273126038, 0.3750190924530289, 0.3915984256181478, 0.4232114066369118, 0.591167151398325, 0.5689285219883378, 0.3093169096022014, 0.6808822562936403, 0.5565211203316673, 0.5464167501972781, 0.6241576388710377, 0.5066310991362554, 0.5372301240151156, 0.36503413858508893, 0.35398964598741073, 0.2544720525253902, 0.4516652947471679, 0.4809860901936668, 0.37709515911634134, 0.4284134202709373, 0.426435618693972, 0.42788144228294683, 0.5072112977653673, 0.7760471904545196, 0.4423909039248955, 0.5292001756115283, 0.4011614905968095, 0.7945196903282739, 0.6774674636964491, 0.23526524944750138, 0.4098897433191465, 0.4050724009651922, 0.6714776488822416, 0.3989300899872117, 0.4245090074332636, 0.5650986489863852, 0.44643353610789244, 0.34815111715544333, 0.5764238018808767, 0.5891121044681832, 0.5184157203237715, 0.5936719450742819, 0.4760853531518346, 0.480552414322848, 0.4226293741745439, 0.6376401655697129, 0.5956493055136793, 0.4140271842252643, 0.4018093443891644, 0.4635694088384775, 0.5534025113071172, 0.4118904483895003, 0.5353041099606335, 0.6231399445085413, 0.3991888578216529, 0.5078270905583553, 0.39297218306608067, 0.42875481477283545, 0.40269321168278505, 0.5100483441151653, 0.4354795363464507, 0.4700815968050551, 0.5373378825078687, 0.5583865351895995, 0.5230390972027568, 0.42681634025475773, 0.3785724898999055, 0.4494410637691525, 0.4442302288969072, 0.45688982021279995, 0.42565600945243326, 0.5378298408735235, 0.43114940507898536, 0.3397024474775377, 0.5398269728319789, 0.5284720414686113, 0.42717506669981503, 0.307858716296573, 0.57814391960758, 0.5732887437636549, 0.47581931979365555, 0.5503342626438837, 0.4823536734977825, 0.3727602936185289, 0.5332027973880002]","{""soot"": 0.14124161912378658, ""sulfate"": 0.1507583206370389, ""nitrate"": 0.23776994434077464, ""organic_carbon"": 0.30620606320010535, ""dust"": 0.0635289495644281}",traffic,1m,10nm,hsi,1
2024-01-02,Bengaluru,"[0.48045494731409855, 0.4177602759744835, 0.40301204230897886, 0.5254638064869398, 0.4664673569657214, 0.4515838511521078, 0.5647273098175678, 0.43332700255227774, 0.5754472532659721, 0.553524836072259, 0.6347315501989814, 0.4738016709887528, 0.5328719430190021, 0.4605482490007027, 0.4464553390114576, 0.470389903925461, 0.6021553502365915, 0.4845494170467944, 0.3649993507806792, 0.6315696320804859, 0.44238726213672186, 0.44709705479534356, 0.3964626759505624, 0.6094115752309933, 0.3864358331432651, 0.4047504975257329, 0.49903756397498283, 0.4911226723563026, 0.42063493217342834, 0.5400785698991737, 0.3841935895785135, 0.5205680354356904, 0.5636827821535062, 0.49314965050599535, 0.42151000335320604, 0.4846027850922385, 0.4191749102860522, 0.5225387906181004, 0.6028456582254903, 0.44667493451564644, 0.4920453378173878, 0.42989702866878365, 0.5562372884472719, 0.4268550328578108, 0.5724004555458736, 0.3960735481398074, 0.5146812780245424, 0.4616158010753685, 0.5021232375961981, 0.566189859184159, 0.6044781777070442, 0.691743792308215, 0.3724912843795381, 0.4642784160395392, 0.37627261392168637, 0.613714873368479, 0.41820754292100043, 0.5013014257781757, 0.5438761816419214, 0.47895317204485177, 0.4617816557273762, 0.4281686209167721, 0.4596453163797567, 0.4948977459438051, 0.40038171624996116, 0.35077698048917294, 0.5838230588561636, 0.5843709889938399, 0.3715183301153758, 0.36240800298243525, 0.5216675350627552, 0.5051136544950057, 0.5920512155901305, 0.3424242235346571, 0.5553028892130918, 0.6545824633356756, 0.5223880362812824, 0.37626497296735417, 0.5757313843393702, 0.3455540635412032, 0.3757247331071717, 0.6016216375368137, 0.5217824176936207, 0.5177224432886779, 0.3335625375528307, 0.42878651112048966, 0.6072552893053271, 0.5252718974070377, 0.30887461225849994, 0.7633485688495774, 0.3821219089687812, 0.4663693404770687, 0.6265093572112981, 0.48016167601966087, 0.6107012546323319, 0.48913429478710324, 0.5890466720215136, 0.8115185717590798, 0.46282234842259795, 0.6548086643878114]","{""soot"": 0.1118114178506971, ""sulfate"": 0.09046659200347565, ""nitrate"": 0.23695971474016614, ""organic_carbon"": 0.2550585714444292, ""dust"": 0.1354481399225188}",traffic,1m,10nm,hsi,1
2024-01-02,Chennai,"[0.5793105290422448, 0.5948384366845123, 0.5400384295819126, 0.6241033325674263, 0.5787018518616276, 0.4845004084225213, 0.4563598718974668, 0.5793794207677316, 0.507793595583602, 0.2746658450422661, 0.3637108598635458, 0.4442083730793188, 0.3532918524979515, 0.6556526210701762, 0.4519925538424417, 0.5266528594670759, 0.46274661136350936, 0.5967646146770135, 0.3334740640544802, 0.5788950708125893, 0.3391950279593343, 0.4656278307808143, 0.46215009450539657, 0.5405205887421691, 0.4618969205677327, 0.44644856673439076, 0.4867526002293203, 0.43338687757666616, 0.3793481137146358, 0.3455113612226224, 0.3568365449364895, 0.3528255801039023, 0.4209033219424422, 0.52566826140645, 0.40591607635518134, 0.4762904155155774, 0.7324104869441457, 0.4804698883314624, 0.4065825342041566, 0.35677389271275944, 0.5969792764079884, 0.49748407801776073, 0.42271747490817185, 0.6225950486819423, 0.41503516582269817, 0.5295202044945668, 0.5172521078862047, 0.5725577956336146, 0.5098823838002443, 0.5782681336271934, 0.5133633591582348, 0.4197960454963435, 0.5527644727785318, 0.5439501646530633, 0.4846877673914942, 0.6166156144300455, 0.6324418062611759, 0.5424949561844021, 0.49364089942209766, 0.38879766554828465, 0.5682754030729098, 0.43822488695624623, 0.5684042278585237, 0.4329412208655464, 0.35582551796786477, 0.4968114227450558, 0.5304609835346267, 0.40840444225155736, 0.5346218111131509, 0.5343975093425352, 0.44871642624517577, 0.6369863998439018, 0.427728990110461, 0.3138083011148002, 0.4854613023429642, 0.39366295478205954, 0.5469095525615068, 0.5860256339978221, 0.33396427472300866, 0.5192806376956733, 0.7857011320611709, 0.539290805497908, 0.22484674720875414, 0.5647217809441779, 0.34528958653317676, 0.3380722681091822, 0.2972385003180176, 0.43910012612251725, 0.5487826234392998, 0.5916121862573989, 0.5519489362436826, 0.2921279588524882, 0.5146632835936866, 0.43618895171728495, 0.33490452424781125, 0.6794241909231074, 0.49547092920403335, 0.3895362703122902, 0.42511106352885597, 0.4965227809034911]","{""soot"": 0.1832676955060899, ""sulfate"": 0.09951136521007595, ""nitrate"": 0.2008800854802451, ""organic_carbon"": 0.2556371859458054, ""dust"": 0.13718758448629506}",residential,1m,10nm,hsi,1
2024-01-02,Kolkata,"[0.4138356892722763, 0.36596642386142286, 0.4901724682560852, 0.5137479808295501, 0.4018348703066341, 0.5269692944775749, 0.0983764716017177, 0.40030291895832726, 0.5283658247578984, 0.5689811222574649, 0.3958974914896068, 0.3840193575584036, 0.5276201545807239, 0.49026869303322146, 0.3447966452263983, 0.5993284561810014, 0.5382821980990089, 0.2690370592070763, 0.5590922249418178, 0.6909054742975781, 0.4877224033991953, 0.6353228739118367, 0.7055382427058684, 0.4443432926547675, 0.5365248260615646, 0.37315340766062344, 0.5525768349288113, 0.4410752179920622, 0.29621328465110686, 0.5387698305383458, 0.5886624146544653, 0.4521537582481182, 0.4476177043110935, 0.2974387444094946, 0.39893300942244686, 0.4462794601693704, 0.45126604550978944, 0.4519104688684753, 0.3541716721795711, 0.6339506971342375, 0.734767914567007, 0.40279331588307343, 0.46738320709580994, 0.44901210100591554, 0.5279969580155572, 0.5264417638058191, 0.2892942844831362, 0.5813711922201394, 0.5036747707056171, 0.5172084494339343, 0.4202162932768767, 0.5306755798613192, 0.3549181574451453, 0.4933880112473114, 0.358445694530503, 0.5289888875744463, 0.6020961948234886, 0.3330212762076832, 0.509664193256037, 0.6171531330959139, 0.3405694250193561, 0.6393508918266436, 0.4681184386217949, 0.42723343659309476, 0.35630064660289706, 0.48751324049946315, 0.4979053722174484, 0.461256181900088, 0.5624604845959489, 0.6729791931384345, 0.4375790594171262, 0.6034121383835468, 0.48307335915432575, 0.4409191793909245, 0.443447034391077, 0.5914090204142239, 0.6237906162710602, 0.34081212684883994, 0.5563725974536458, 0.657319782381887, 0.13152689352312164, 0.6486836644411788, 0.44893672922869315, 0.3343600728073931, 0.4690294285006815, 0.41787213686640085, 0.5245971405911988, 0.564324390687401, 0.43940036524579734, 0.6142699305312418, 0.5841564367040265, 0.4917322594492296, 0.5136857681556796, 0.4074720944279927, 0.6683331880015615, 0.31083925585551164, 0.446247426221297, 0.365482200102182, 0.4429649551074113, 0.5268977898162797]","{""soot"": 0.23996584452622702, ""sulfate"": 0.05879052943325255, ""nitrate"": 0.23132740596873827, ""organic_carbon"": 0.35850748491709256, ""dust"": 0.11502796125672823}",residential,1m,10nm,hsi,1
2024-01-03,Delhi,"[0.568808439041111, 0.4316599533724666, 0.5549139075484135, 0.6154437573413846, 0.3936704251183008, 0.4982520986649155, 0.3821664094776911, 0.48758795204155486, 0.5535988538485392, 0.5421711508511793, 0.4552699798978758, 0.4783203852056609, 0.40491146106748244, 0.3467442717248965, 0.532868397887535, 0.4498382583082692, 0.5348603718253562, 0.4733030773214018, 0.6037996469070094, 0.4964806549149937, 0.47459565696966566, 0.43668303034951916, 0.7293202525037438, 0.3613601064509377, 0.3828514221434442, 0.49536675649816253, 0.5130777486585759, 0.5755237543434695, 0.5029273403488934, 0.6011958937205524, 0.4971540395745914, 0.591334112154004, 0.22385208605499074, 0.33607295188771313, 0.4130495964354341, 0.40177774515954023, 0.2881665224493941, 0.7010262869781381, 0.6355713008957218, 0.4355870670471258, 0.5204367711773392, 0.5221054071815311, 0.39868646018414594, 0.48726951063685014, 0.42279188919983035, 0.49286263464227265, 0.5724732866744827, 0.5269075546279569, 0.5525417944588464, 0.6590019567308957, 0.3630226817645373, 0.5351352648825276, 0.6343004867831472, 0.5315712611890016, 0.5805903548700924, 0.6774082982683599, 0.30125936360083005, 0.5381057021552188, 0.4947517037386776, 0.501694104458088, 0.4994868526130539, 0.33519043781786584, 0.47144771022955007, 0.45054846508079693, 0.40405860523824155, 0.545349665385515, 0.5220134698689196, 0.44500808819110665, 0.5452053434463712, 0.49164525505543055, 0.5319381119221624, 0.3984750892042796, 0.4960406297633445, 0.2798162597504592, 0.2853624771866691, 0.5130122827992033, 0.5847561476304806, 0.3805745494125778, 0.4844264602308681, 0.3643996087524499, 0.46976657748519857, 0.5219261686080108, 0.5118106004750832, 0.4044116521397274, 0.3289730138284939, 0.4964429760469783, 0.4647305940853753, 0.4674543174466458, 0.535001526740101, 0.3624991106120212, 0.5112375554325626, 0.4475367447095223, 0.6585030162130316, 0.49049337497003703, 0.6021759507239988, 0.5255815426851966, 0.4759767290071193, 0.5512829664184212, 0.4638901999242076, 0.5249510257050298]","{""soot"": 0.19353185613543253, ""sulfate"": 0.17590273284912178, ""nitrate"": 0.20064596315339195, ""organic_carbon"": 0.32012378909309624, ""dust"": 0.0957414103615251}",traffic,1m,10nm,hsi,1
2024-01-03,Mumbai,"[0.340139135962383, 0.4535891523346721, 0.42689548403877675, 0.5018707846247762, 0.7613881898318724, 0.42269581003813594, 0.48922092853912974, 0.731510000967261, 0.5129211517749076, 0.6753678545613748, 0.39681922196744013, 0.39397300963824466, 0.5529821430275096, 0.5244067788817366, 0.6658133831032614, 0.4396487697636853, 0.4939266176505009, 0.5048253897891034, 0.7991435115297093, 0.6041722480675255, 0.6870460103937677, 0.5376369768901136, 0.6325028288935926, 0.4600309562482031, 0.5065482972546165, 0.5590183093210118, 0.3649989818770041, 0.4992370036056949, 0.3761377628874475, 0.5977175542520047, 0.320343557045102, 0.5224121499548298, 0.3069721720881884, 0.49239086222378636, 0.48707004943862364, 0.39991644776245594, 0.5192830067981888, 0.5822611083583983, 0.48774751276626477, 0.380927148760047, 0.44524406779570075, 0.5916718265136894, 0.6153715993261402, 0.47222562832887344, 0.45882084455928307, 0.5390354078961538, 0.4467960185754416, 0.41107470078411595, 0.4993492141675715, 0.5478734945278364, 0.5006792660738612, 0.432558827317966, 0.5405684828003624, 0.47977420411335303, 0.6173883271795415, 0.5243900831182633, 0.41961781792789443, 0.49555917300420016, 0.600566340982466, 0.4058014833705889, 0.37435107382266475, 0.5313654901642316, 0.4114755480657481, 0.6121311759303657, 0.3365567115087543, 0.6216802009114935, 0.4282098921640654, 0.48349834945022074, 0.5475887251005275, 0.4192382437556862, 0.5893622482417185, 0.5476841251097129, 0.361534299652282, 0.29070968976336553, 0.45329560179489053, 0.3020051968440298, 0.5141899681512633, 0.46555053112738376, 0.4959692594845057, 0.5254829673591096, 0.6269999393191958, 0.2784642632484299, 0.4565147219304673, 0.5796374889805775, 0.5044492426636431, 0.45564398643833204, 0.27297623428231804, 0.5527985892879154, 0.47198887458560307, 0.3856597013624044, 0.41925992541882606, 0.6121307887032196, 0.5316546451943208, 0.4401243442792771, 0.47768679543855946, 0.5881416777823257, 0.6073397619538654, 0.6087443439581433, 0.3531977840418473, 0.5473566679140591]","{""soot"": 0.2665604985457414, ""sulfate"": 0.14168253285771362, ""nitrate"": 0.10766108845072875, ""organic_carbon"": 0.23758344794015682, ""dust"": 0.09905837760908068}",agricultural,1m,10nm,hsi,1
2024-01-03,Bengaluru,"[0.6691388269666344, 0.5307675523007146, 0.5169871422322773, 0.545142169608539, 0.6524460273863454, 0.4983190945088545, 0.5565540417191192, 0.3936251425066277, 0.5079439679577463, 0.5287685684496725, 0.4985240480893661, 0.39381224840992457, 0.5714609874977656, 0.3938214854063895, 0.46693889116093146, 0.5933114276172038, 0.3862173334922949, 0.5987510022484465, 0.4180799669405699, 0.35345505342624145, 0.4650921410400872, 0.4953239774989904, 0.5214226554978793, 0.5247984440689373, 0.4934375038216758, 0.5375590481110019, 0.4503072278918698, 0.3097262727189105, 0.5232405888121524, 0.5554686701808706, 0.6619056851140172, 0.4029656175397287, 0.5724954308507499, 0.41306335336232464, 0.5255919355002435, 0.627815187362469, 0.6128404860000892, 0.5570812633493446, 0.5195540263153093, 0.3601875570470755, 0.6375868963435892, 0.44671219555391606, 0.6398794306489007, 0.4459329558991654, 0.6116508142653252, 0.6302984694556247, 0.5588921363271491, 0.5835163369884643, 0.37416202597744075, 0.47824444832786567, 0.4128522477630018, 0.5241452924371015, 0.5294977541253054, 0.4520394958753895, 0.4618547018612027, 0.43973010226877624, 0.648203653889027, 0.4035717522957817, 0.5413713341429502, 0.272191512933996, 0.4187010588728027, 0.5847020550710746, 0.49099534566071246, 0.3686141185273867, 0.5009630744887065, 0.5857722728685991, 0.5591824488730985, 0.5377815132061327, 0.5520743535908169, 0.6008048903075808, 0.6258453300278067, 0.48094048106005677, 0.4958336479343638, 0.4222060728052931, 0.5968941595815227, 0.5983905730994915, 0.5305289163757427, 0.5523334155648834, 0.5018672826307976, 0.6100086735460762, 0.5339678056043576, 0.4736065974908443, 0.4893113718848314, 0.4281046911919205, 0.48490825559621464, 0.5245722444726065, 0.31453390193013875, 0.43012365239553163, 0.476761864032758, 0.4563843656089839, 0.6278211548299851, 0.4657619397255682, 0.4568198593003585, 0.5199076163061859, 0.5800642059895886, 0.641913330867735, 0.3068771139689904, 0.47347802081677726, 0.44690499142792345, 0.5538252434260881]","{""soot"": 0.10011581108333278, ""sulfate"": 0.11965271143389807, ""nitrate"": 0.2417183116485142, ""organic_carbon"": 0.20021834072022335, ""dust"": 0.08760123230180936}",industrial,1m,10nm,hsi,1
2024-01-03,Chennai,"[0.5950684095124178, 0.3646756770574647, 0.4546093236887822, 0.45821547590531053, 0.46027864970662236, 0.41779554120493084, 0.6277802334984942, 0.7745502889807379, 0.6091843720251567, 0.5977140108323123, 0.4959654441063746, 0.6781703441395464, 0.37495407403539527, 0.36169879512550296, 0.5603439997142426, 0.5260709519716776, 0.4231097502688367, 0.529335362530589, 0.8898970582963526, 0.4119642285650447, 0.42007215795452413, 0.5687205616622345, 0.5779351042898118, 0.5081180727773911, 0.5103541150565165, 0.7480984242096012, 0.37239684960612796, 0.4455155989283299, 0.5179477497291495, 0.43538662509743076, 0.6018891371500934, 0.36373362090321737, 0.5998386674545432, 0.622923232875034, 0.4496170654989502, 0.47240760298102025, 0.5743871458932052, 0.43689205473549086, 0.4460535275195832, 0.5419523414630262, 0.46529600860240233, 0.6374256744844218, 0.5556675448511943, 0.4115554387429976, 0.5241644963209552, 0.37075074327985513, 0.13688554795622954, 0.42994521687528764, 0.3081870666708946, 0.32402614880938446, 0.6231394335848712, 0.5845580519399263, 0.37920398643420694, 0.6263838223131104, 0.4243164804927458, 0.5593209791910336, 0.5940678258649139, 0.4219968699032103, 0.4497835928593243, 0.4408874889790047, 0.49753517050921164, 0.34374568854628773, 0.4028052962842502, 0.5661893119564698, 0.49724845501627984, 0.49703973027292153, 0.5099939871037514, 0.6715852182193064, 0.5093722899803391, 0.4535028675093543, 0.5645274092927877, 0.47488578489498884, 0.4103264156106945, 0.3808604432220423, 0.46221260365778966, 0.6593326637173748, 0.3760488203042914, 0.586576807387903, 0.6490690750623151, 0.39236400180903785, 0.47429487988252617, 0.3808924295248638, 0.45998611185952937, 0.3083329904220896, 0.4689638307733688, 0.39981349331282184, 0.6278389359128553, 0.5489066852921896, 0.4414865124376628, 0.7130356874161412, 0.429625283940847, 0.4222846548671674, 0.42362134490803227, 0.5183561096778574, 0.4669146203455387, 0.43274243737481377, 0.46721854251314787, 0.39508111528046225, 0.28609006031887596, 0.5891406946595354]","{""soot"": 0.24724972724097208, ""sulfate"": 0.16228403129712876, ""nitrate"": 0.1549234803790511, ""organic_carbon"": 0.22658466085299767, ""dust"": 0.10775315722604378}",traffic,1m,10nm,hsi,1
2024-01-03,Kolkata,"[0.35490832960105906, 0.4963211451180509, 0.39165570295978747, 0.45397745550359336, 0.5999610375543931, 0.4285136555155479, 0.3864426054349271, 0.29551727810276884, 0.47151144130964834, 0.7267246804501009, 0.4950917260317559, 0.28417560947283216, 0.4325131375942401, 0.6514337346111634, 0.6545983545218708, 0.5219417742827154, 0.3508369227681183, 0.5936492636006819, 0.3955523565575528, 0.5313541121835034, 0.702092549269905, 0.37935550335262824, 0.5130773501907719, 0.41477941221786796, 0.49647805394431094, 0.4945349122762138, 0.3056416583026712, 0.4910065578415627, 0.6720613180698073, 0.6548550707054155, 0.5549731952684335, 0.5442003030198808, 0.4905029201924777, 0.5714206472818818, 0.4670680695652041, 0.32482960111848025, 0.4799437704904316, 0.5809955552517732, 0.48457686362627883, 0.2574026651141005, 0.46937672086714927, 0.5041366630224606, 0.5671318368408202, 0.5289612932942115, 0.40937771646973403, 0.33955038092294265, 0.49849199050106063, 0.6850989210207682, 0.5554820677854178, 0.483068490437493, 0.47733400888217603, 0.4232285687258506, 0.45945009052797126, 0.4589544391425352, 0.5297300337911603, 0.523622941993872, 0.5784999702939396, 0.59221901658905, 0.36164521628885543, 0.43820896548602306, 0.4492055081215547, 0.5014118539099633, 0.41013923390317003, 0.5365935929144303, 0.5058351005796985, 0.4740875982176317, 0.3914038513283748, 0.49009882773946445, 0.45665151895347694, 0.6045164260412288, 0.5356283284365218, 0.37962979034561595, 0.5210999912855053, 0.3739034790338839, 0.5096478845768906, 0.5363462924159268, 0.5663686489260508, 0.45595783886777835, 0.6941733809692856, 0.4193176991982214, 0.6430124613411101, 0.39888396209265164, 0.5697410022509579, 0.7014155316542816, 0.32788101218194043, 0.5956744364933186, 0.42485567780922484, 0.2867043049308466, 0.5360940640415314, 0.3852484824488378, 0.5492457810666207, 0.566041471245029, 0.4170885141284996, 0.417889755900278, 0.4941455552581173, 0.48657627591392577, 0.3508464184749843, 0.3275048860113932, 0.4518619023249052, 0.6544418161617949]","{""soot"": 0.19819487879864933, ""sulfate"": 0.08854278547178451, ""nitrate"": 0.23542245581411148, ""organic_carbon"": 0.28138040253669183, ""dust"": 0.06836705235039356}",industrial,1m,10nm,hsi,1
2024-01-04,Delhi,"[0.650902885804367, 0.5307705391370037, 0.5172676153424318, 0.5229558116133852, 0.41754097341017, 0.470350321488886, 0.4853348297318466, 0.5994750462615268, 0.5626029222623002, 0.41409506110560945, 0.45850282221595773, 0.5670041646393765, 0.6413222229321447, 0.45852844260420617, 0.377932014956258, 0.5857597990485974, 0.4237782554762982, 0.5050580644098248, 0.5112566110515879, 0.6433776740911571, 0.5326834111476275, 0.46167609392550857, 0.5054989765289754, 0.5369613870292582, 0.637482506823811, 0.42297438190134123, 0.4843692277591437, 0.3658103893521598, 0.3899106224633346, 0.5665717752015217, 0.48557532655480257, 0.5332758489624932, 0.4100996252428244, 0.5780638466425184, 0.4443638524488829, 0.5329141123340775, 0.39544781319931227, 0.4848856393096797, 0.43663975833252977, 0.5238150023098326, 0.4461867083592781, 0.5469580751328532, 0.5249150663984627, 0.6778163838647686, 0.4453415350048134, 0.45611596410159855, 0.6575295003043478, 0.5559980778541771, 0.606236708704407, 0.5464229546401549, 0.6610969097975867, 0.5286288865943418, 0.379854783506762, 0.6491825080215756, 0.5944218168767806, 0.5283342927829258, 0.46049473152732273, 0.47212331492072057, 0.5939457181676331, 0.6102262676044643, 0.46251832220249905, 0.5588560137947429, 0.39187429956046693, 0.5062530879895761, 0.31397226155283453, 0.3502957170150218, 0.5571652852455174, 0.6008493111191531, 0.5274520346189812, 0.6780258250080873, 0.6852670627495056, 0.29553340496314684, 0.4730861011499658, 0.47808806114399827, 0.4699943678847454, 0.46258707401713917, 0.4559680227345959, 0.5587019595261578, 0.4500466418365332, 0.5368708499877822, 0.6140100987062354, 0.5950213535230282, 0.4673982014821409, 0.38843203748969934, 0.381374934271389, 0.476447589210551, 0.4477653463742704, 0.5046523544828495, 0.41660838321913696, 0.3943867266620729, 0.4164867934746178, 0.48734376138632396, 0.45689972081036384, 0.43466410575088565, 0.4944128785671118, 0.5015025225231374, 0.39410048849274665, 0.35215680977941527, 0.44076743407412805, 0.4446252987621186]","{""soot"": 0.18154395342055102, ""sulfate"": 0.10613728649483498, ""nitrate"": 0.21567981544216921, ""organic_carbon"": 0.34111363470355055, ""dust"": 0.05315133611993254}",agricultural,1m,10nm,hsi,1
2024-01-04,Mumbai,"[0.6992587454100418, 0.6033360925737278, 0.4852306223445843, 0.5027432704787228, 0.6287738074410028, 0.5713860151979112, 0.503357542349348, 0.7087040612940707, 0.5112391132956704, 0.4614437433890433, 0.5939322498114622, 0.6462215332331787, 0.46380497176805985, 0.4538389772716386, 0.6826435889048337, 0.558830614945033, 0.6214716916809724, 0.31139477092148693, 0.5306553053811233, 0.5809208634530648, 0.49004640248428877, 0.6649184115705672, 0.48208245568505664, 0.623588018835067, 0.6027262902501441, 0.523985314335674, 0.39073475710176825, 0.5423179772934303, 0.47086550666248955, 0.5164456423431922, 0.5598380517494754, 0.46066927041795924, 0.3563036785901482, 0.753279010234614, 0.5327089975726899, 0.5539020962516477, 0.6085505309133263, 0.47710435541840396, 0.558971496593972, 0.4761253799810443, 0.6236134492762533, 0.7237626414357999, 0.4548575738528975, 0.32865199154346936, 0.40343427063675297, 0.46637643260164696, 0.35794705483246847, 0.5168062550465742, 0.6762768500865328, 0.555371649701597, 0.5069835422640554, 0.27514717210225015, 0.54633120116213, 0.5271918524555814, 0.3906654606474225, 0.40450095710825734, 0.6170548617001852, 0.4667783543614369, 0.6104159915871247, 0.4628661964614725, 0.48427459245599197, 0.6772198203587274, 0.48289775701585125, 0.45764322973406146, 0.48574629389449764, 0.5141844729375384, 0.6095731773945587, 0.5649060671483224, 0.4520371617015639, 0.46949278284904805, 0.4486328861413193, 0.46864876203930794, 0.46452154237478255, 0.4751008545145191, 0.6178456625613009, 0.5041453323718667, 0.49380818751209044, 0.6967761031063735, 0.4883567914545265, 0.4912102577246132, 0.5577918333863897, 0.45517856054503125, 0.4164164330684301, 0.39295158114741646, 0.6037187291137459, 0.5338121338215679, 0.49632713819847746, 0.586129674321147, 0.7152609145872546, 0.55676226775163, 0.4218783858009208, 0.482825335983743, 0.38910344605815317, 0.6304862617460862, 0.49347997092323853, 0.5424911536977097, 0.6872084909724014, 0.5689639045000938, 0.5234293036260317, 0.47947110734971177]","{""soot"": 0.23947064233374324, ""sulfate"": 0.12069694963350941, ""nitrate"": 0.11105550114441803, ""organic_carbon"": 0.2590118060662779, ""dust"": 0.12023234387869554}",agricultural,1m,10nm,hsi,1
2024-01-04,Bengaluru,"[0.3658499516199287, 0.4169718151988001, 0.6199348482726276, 0.5353983376053879, 0.5112506746872243, 0.42234469041366635, 0.4990808856107325, 0.5370345004329047, 0.4811068725709681, 0.5801565077387639, 0.589252335542379, 0.6149378658891539, 0.4323152680458419, 0.572703385725064, 0.4557703282996769, 0.41040668289659066, 0.6722777118896908, 0.6267613939004304, 0.5388400128081519, 0.5079865713269587, 0.5832187530883204, 0.6280386021736952, 0.6249950911320955, 0.5831589209685972, 0.5507186481836902, 0.5595675307639802, 0.36670189340483905, 0.4309204781607136, 0.4828132349357073, 0.4122194945382842, 0.44656497318743116, 0.5103144682657702, 0.5734547490356585, 0.5045652779293947, 0.5932298355378356, 0.4310406282265713, 0.4200377865130948, 0.3967180342426265, 0.5286404936867237, 0.32867519066615714, 0.4552206535029825, 0.4939737630597206, 0.4337783157500243, 0.6216600209690157, 0.5596402992452354, 0.6013764314059649, 0.5931446632468818, 0.4193063012724162, 0.5379060265049931, 0.49285884180935924, 0.321107001549475, 0.6178579655390717, 0.34045281455765625, 0.4185646927199431, 0.5851135113790513, 0.5891258327683795, 0.4965655869002487, 0.3654835204941954, 0.5022215500824786, 0.49459729614438114, 0.5438258857666848, 0.7035652413315738, 0.6131881787443676, 0.39590405446748433, 0.32179861014064726, 0.3937128572466864, 0.48608434691424807, 0.3886803595186435, 0.46908149635396, 0.5910123953477819, 0.501789178769627, 0.36651099848274293, 0.6846840584643697, 0.5155595214040907, 0.5144891805411781, 0.5839494318813616, 0.5137848883739174, 0.3748514817617695, 0.6502941814871355, 0.5553067449340113, 0.3824602054194085, 0.5078270167706898, 0.44424716151122057, 0.4949544063079838, 0.4687675193314163, 0.4079043359847479, 0.472662304800673, 0.5737211993242475, 0.4950927175248607, 0.5230987852529249, 0.3316185501249016, 0.6247102582077146, 0.5298131819235427, 0.510593431482195, 0.4974175696228315, 0.41344084219869737, 0.6685407258331375, 0.4563636181928768, 0.5270526394484937, 0.549520157733697]","{""soot"": 0.2882309408413517, ""sulfate"": 0.06844294033401285, ""nitrate"": 0.24822090544977496, ""organic_carbon"": 0.3931621233197111, ""dust"": 0.08290529843904743}",agricultural,1m,10nm,hsi,1
2024-01-04,Chennai,"[0.6482467216653964, 0.6000976856238048, 0.2791641937776004, 0.44279413491672753, 0.4621829356107071, 0.3183364468706191, 0.23439450804659928, 0.4549328928815713, 0.5731199716504847, 0.4844630465650195, 0.6551854454561823, 0.46492115351239566, 0.5253293547560814, 0.5634510022387554, 0.4658450618092755, 0.3277177139392581, 0.5392757566400439, 0.49347401923809103, 0.7673139446019448, 0.5819954072587896, 0.4050180068819102, 0.6390723783611484, 0.4480795091000571, 0.4636877831184635, 0.7318551311400213, 0.2894259875529667, 0.5331108131846285, 0.5563948445488309, 0.4080914454455569, 0.5690792469859087, 0.4901370176410688, 0.3782358247941246, 0.4642454789151871, 0.4948938767641128, 0.40087976957350424, 0.4846264554672576, 0.47513804171755925, 0.3666322835764524, 0.6316177649913298, 0.698459332426169, 0.4982503183437845, 0.5068162832248073, 0.31738925877200685, 0.44299868788321384, 0.47141323994794077, 0.5833642822713743, 0.4115421784243824, 0.4371650529733542, 0.5678813177866667, 0.5137062469848005, 0.5311852227359988, 0.436888897814887, 0.6921891825520685, 0.6119724065389742, 0.3723606252792727, 0.5433314513294254, 0.6618530147575687, 0.5475950622705142, 0.5420396493476072, 0.5801288521202985, 0.44887091877111795, 0.33328781244614114, 0.37103173965717884, 0.36760345233095143, 0.5040903339900317, 0.5533715344750342, 0.4851787469140098, 0.37760987368858545, 0.6844153895537916, 0.4127721711039208, 0.6583259033181652, 0.5671749898266201, 0.4852836674372031, 0.6307814869093606, 0.5137935318649418, 0.6443607845202961, 0.47736487368514446, 0.40909558931521023, 0.4736959882047016, 0.3698213280688631, 0.6350701874232569, 0.44915797621779685, 0.22692074393611217, 0.6320004734298914, 0.48964842904572675, 0.5747580081989847, 0.3391081413760184, 0.5827583043218141, 0.5724456242327799, 0.6148397665889805, 0.471983320434715, 0.6379630724819345, 0.5121056031296288, 0.35185381174131436, 0.6433242624770771, 0.654146387338373, 0.5466654555273354, 0.41862154097744064, 0.49320374108114495, 0.580768943775591]","{""soot"": 0.1940583264419936, ""sulfate"": 0.05340591922436925, ""nitrate"": 0.19939070473685827, ""organic_carbon"": 0.2643601856440158, ""dust"": 0.09330844332510171}",agricultural,1m,10nm,hsi,1
2024-01-04,Kolkata,"[0.6524872287771755, 0.5731970061956104, 0.45939120797753186, 0.5417369228429441, 0.5427767100543017, 0.4730390041868452, 0.42073941046858854, 0.5748013100526934, 0.6118935618818272, 0.4447492102873583, 0.5059268779317234, 0.4084684838427286, 0.5991249745930374, 0.5269260942290356, 0.5471708750304093, 0.5956087720201108, 0.34943448496278906, 0.5321020636159712, 0.48442476968094733, 0.6282364091226214, 0.586054872454552, 0.3334463436246784, 0.5777279684814565, 0.46462869402717977, 0.4767164347333176, 0.46444688103123916, 0.37778369474706747, 0.6524820344920291, 0.6029078344842133, 0.3283372464701815, 0.4559915025664467, 0.5264040394946216, 0.5277397561388876, 0.421931572312746, 0.624906641833536, 0.4479984711514947, 0.5916885279285852, 0.5645454609960825, 0.44427350192786413, 0.3756982892041949, 0.5278832549896353, 0.5202311243985422, 0.5596339595392686, 0.3525138604459941, 0.27488266464593536, 0.597689078370623, 0.28936021100988385, 0.44992378696433516, 0.5306570817224677, 0.47938559534141056, 0.45878486947771147, 0.5486609185965049, 0.6138503059957956, 0.5931075580110831, 0.4144037697318747, 0.38805816844665536, 0.41696039675169727, 0.3913403794707829, 0.5182974589016566, 0.43580885450283724, 0.5226540148750919, 0.5335236271831781, 0.42167176501368414, 0.44265113797432837, 0.47527309122835615, 0.698704315397612, 0.5168461740469216, 0.5222780261691802, 0.5392175734152004, 0.5863361888361639, 0.4630129229462853, 0.6279516219793918, 0.2519551691823689, 0.5348143379797029, 0.42504003228933035, 0.41081918087713654, 0.6228315909717569, 0.4587973702915348, 0.6333181219035605, 0.3256104764743537, 0.3937674408525924, 0.46617911525879513, 0.3693136318118776, 0.3624980199145019, 0.6176190682375432, 0.43642941134627283, 0.4316450538046163, 0.5117877236649291, 0.5490803230487242, 0.5630755437819356, 0.48503499807472733, 0.31389210663435063, 0.5403028505506813, 0.5637148676988528, 0.39825223060862336, 0.4755580562622729, 0.422360029264192, 0.43971085416365485, 0.4769091103287335, 0.553182078797168]","{""soot"": 0.18648208871782973, ""sulfate"": 0.1754485732195213, ""nitrate"": 0.1317077053510038, ""organic_carbon"": 0.34233171950875396, ""dust"": 0.1374960604006346}",industrial,1m,10nm,hsi,1
2024-01-05,Delhi,"[0.734887729013143, 0.6728816862750936, 0.51703844560321, 0.57932782070551, 0.5408413732235455, 0.43654019739692873, 0.3898428878951586, 0.5870772333367926, 0.3187854399081289, 0.4834848374367715, 0.5863857238425343, 0.4874951562066842, 0.4168917572532291, 0.49888112378506183, 0.5768874492311118, 0.5482514172082055, 0.5161518568407675, 0.7740999054053426, 0.39152699720319406, 0.5164641226786236, 0.4793531866117655, 0.39739806626468066, 0.3758368984587567, 0.4880451107927955, 0.2648690355861374, 0.5055212755714698, 0.5779741338240839, 0.3461837576681164, 0.41101557499431024, 0.7323003987109756, 0.53379916390071, 0.4924163034581656, 0.36623441197877926, 0.5435969554008857, 0.4282442422954234, 0.5566395884145587, 0.6289475881720644, 0.4848154480410592, 0.5475852450570915, 0.47057130683680304, 0.5553949979358295, 0.39713014862930385, 0.7388950906253707, 0.5427014324161791, 0.5932933596026667, 0.512055926627799, 0.4593853766750896, 0.39719222176873004, 0.6531725181844801, 0.7119819841699675, 0.5101554937923803, 0.48960533810274337, 0.4359119456953291, 0.6239260426242974, 0.3627793171954336, 0.36798512129467376, 0.47789405330557994, 0.39790159388383095, 0.3433862002940728, 0.4796373920782384, 0.7385347895568757, 0.6307834704664534, 0.5283907620450904, 0.5038788010812326, 0.44346300042846687, 0.353620374047779, 0.42719179849587247, 0.5327497883514469, 0.4307645987210872, 0.5390346872895255, 0.4770379800608489, 0.3403526680595049, 0.5663739627871688, 0.5028789905396924, 0.43105542370829475, 0.4915037290124161, 0.4238201936434666, 0.41343928895741244, 0.4782092479774461, 0.3853437973937006, 0.5294594496899038, 0.47931560627565645, 0.4056827506353099, 0.4485061465440841, 0.44117719181031284, 0.6126479043453122, 0.6418200927206384, 0.45423916793799063, 0.541013296695588, 0.6914023060822014, 0.5173868870532661, 0.7513069674235227, 0.55403458922687, 0.5775741119357993, 0.5275263922839097, 0.2779204898098704, 0.46683169750575126, 0.419349260907373, 0.3807957684714767, 0.551557948287986]","{""soot"": 0.29362772378218127, ""sulfate"": 0.10653585685488959, ""nitrate"": 0.1922526390407014, ""organic_carbon"": 0.21725679335534837, ""dust"": 0.07194694291354746}",industrial,1m,10nm,hsi,1
2024-01-05,Mumbai,"[0.5297450447438594, 0.40212958019673223, 0.49001389250500954, 0.5286080857543549, 0.5696968454100673, 0.77085830398012, 0.4527617064527426, 0.5836959051733455, 0.4716597534484161, 0.3744946185585578, 0.3568949629383131, 0.5103065784375032, 0.5596427229842758, 0.279957649575328, 0.49093358128468473, 0.5533263211275661, 0.3224377171682219, 0.4530221172815353, 0.663973455417073, 0.548612784773192, 0.4613865556312648, 0.615949480573534, 0.4619653916133517, 0.6028044541604426, 0.47261004010722046, 0.34143943362212764, 0.4362653073004052, 0.49077364825330205, 0.4116020635768364, 0.5576155455932551, 0.44458496893806476, 0.4743927494707254, 0.4923421513657992, 0.28620747144439096, 0.5106201085888395, 0.6563294596752964, 0.7289091657310954, 0.499655701044421, 0.5101340038202099, 0.614207657918278, 0.46413753471907576, 0.3350181867219584, 0.5750053005307025, 0.5311453705508216, 0.4414864005605007, 0.52677939994818, 0.37976132413092845, 0.7573323465828394, 0.49698894119894743, 0.7406747489187258, 0.3963124936411454, 0.5614459711646622, 0.48839872183589855, 0.5826079880816423, 0.7248928358135571, 0.6011252510588312, 0.7006491073241292, 0.5730073666852951, 0.3416936778070574, 0.5343395042709118, 0.5518372916840895, 0.4872309395275565, 0.5576050230934928, 0.6224779383718162, 0.4214521261999426, 0.6026056729095353, 0.45998131627863165, 0.5294910754315739, 0.4072619633879741, 0.5842745474871542, 0.5701492981061774, 0.5275306733915868, 0.44422222765591257, 0.5077380995668707, 0.39928135287749844, 0.483317913003429, 0.49224875994789635, 0.343780334710697, 0.41960159998813396, 0.5485913304057287, 0.4025489835684809, 0.3501775365321158, 0.5729007865646312, 0.2466790654058691, 0.43926087961418037, 0.4574555280907309, 0.5205441745399871, 0.5817029125848949, 0.47938440868220444, 0.41126457047217374, 0.5167698246657637, 0.5074196649773133, 0.5214406531233281, 0.2798043859265056, 0.5754032108589556, 0.5372663670641947, 0.45681674746158907, 0.5676049821243995, 0.3467040648352441, 0.4868055036153079]","{""soot"": 0.13418812200285282, ""sulfate"": 0.15833594809657864, ""nitrate"": 0.21655790519551982, ""organic_carbon"": 0.20830439476352866, ""dust"": 0.12321714185682943}",agricultural,1m,10nm,hsi,1
2024-01-05,Bengaluru,"[0.21084942007792024, 0.6353147621232592, 0.583376113377667, 0.46990415352968623, 0.42129223287986794, 0.7016262335170025, 0.6635179478170754, 0.6402979086547738, 0.5807789738239614, 0.40668301779488875, 0.44031323382983695, 0.5848533100240993, 0.4896303744445204, 0.5166650883931364, 0.5241580360899093, 0.2762311882557076, 0.4910435151466653, 0.48439360299425965, 0.5229138736862865, 0.455697492497489, 0.5663720670611926, 0.450045601032215, 0.657214098723139, 0.5820108950852219, 0.5211846312812806, 0.3999213716286113, 0.2588103285951714, 0.3438754694225237, 0.33197618309909216, 0.4374155139565789, 0.5999159714074236, 0.5844851905365058, 0.47093949027699805, 0.44587478768601263, 0.4726976230084262, 0.5855298454065064, 0.4789919582888761, 0.395330885902079, 0.5219755384582935, 0.5163230317160387, 0.4322462832789016, 0.5650237957807525, 0.631525998801369, 0.5741200283781506, 0.44348990975530345, 0.46716758307222306, 0.4166387001676145, 0.6449091349898031, 0.4973199319981573, 0.4624110180373114, 0.7004536267548466, 0.5518986939908789, 0.6316595537372337, 0.49416754591205453, 0.5420581452919407, 0.41561844721142793, 0.5840357392131608, 0.6208047486300924, 0.38123741623508783, 0.4933309648286696, 0.5648685642635906, 0.5484895569061109, 0.39928138548141306, 0.5311811084874413, 0.617260328182209, 0.4549415018135583, 0.3831003480506282, 0.47332888331901024, 0.47116240230370215, 0.4981310310830711, 0.309276563304203, 0.6309663671024637, 0.40236942501691186, 0.5042361921516381, 0.4501041714243984, 0.36431860257533555, 0.35337903317174424, 0.6735978418388883, 0.27903134704680327, 0.565221381540197, 0.5447799812964662, 0.6757627565398607, 0.48546884844683424, 0.5335430457931767, 0.4624635911345914, 0.42429782523907494, 0.3812216118481024, 0.5131551676878748, 0.609819916700856, 0.5043914294573761, 0.47706053790485015, 0.39214365710892, 0.5146445971408443, 0.4651878511751818, 0.3595731855946842, 0.51022293890072, 0.26351592613522445, 0.5633924396794521, 0.40613727061783295, 0.49468493309623096]","{""soot"": 0.20143517328576638, ""sulfate"": 0.16016184901559394, ""nitrate"": 0.15239816180823823, ""organic_carbon"": 0.3661532936134121, ""dust"": 0.14475604759081223}",industrial,1m,10nm,hsi,2
2024-01-05,Chennai,"[0.686113241601929, 0.49102723378730406, 0.4799642047185715, 0.45763947320711196, 0.3946870592888402, 0.6617639566328729, 0.6632997863758388, 0.5596269144496722, 0.5879310128458495, 0.4801672374588739, 0.34934264275873184, 0.5279388374479741, 0.39949384448982206, 0.4980807018997616, 0.7136025185059893, 0.7380069984387686, 0.3667562820809258, 0.613290925315327, 0.5085390642157512, 0.6122173398434976, 0.6359077358852966, 0.6724309798014914, 0.6248472857413375, 0.26330672800304133, 0.5741657338264287, 0.655905420415428, 0.5334843037449357, 0.48742352593341304, 0.38412243668614127, 0.4356333519239157, 0.4782333075007419, 0.6844216358662701, 0.7290715504476315, 0.6395002862917789, 0.5406540439221086, 0.4622615886645794, 0.6007810824542107, 0.47594783095311766, 0.49266178296377927, 0.506918681907895, 0.44667106667229245, 0.5119203528546373, 0.5565271698931783, 0.31026390352894034, 0.4219492374612735, 0.44750691767378026, 0.6391456406533103, 0.6738647750280249, 0.38399934943215647, 0.47049026718516906, 0.2821899783827603, 0.39588470240355383, 0.6797039706902691, 0.5116000134334692, 0.6383725023334466, 0.42956063617987184, 0.5107547276191357, 0.3934058447695042, 0.580391210854972, 0.45247058803042123, 0.5241586242967805, 0.5532809294768477, 0.3903787337909731, 0.4817021699897274, 0.6450230202093242, 0.5528939742252643, 0.5308411021913123, 0.7436544405123584, 0.3745825812951734, 0.5449610785550698, 0.5136113428908168, 0.43337575061106315, 0.3753732404065879, 0.560557723941098, 0.343516590899793, 0.5299273375831446, 0.5935235041208958, 0.5830748749510168, 0.44863717599081276, 0.3485778265576939, 0.5325781354509097, 0.349382514803944, 0.46387167573231963, 0.3686702342009227, 0.41203363110774777, 0.5251226713173918, 0.46810143693944584, 0.5995070911458981, 0.6545435092797828, 0.6058072312177956, 0.4741418213329184, 0.5266945219418292, 0.4886334775060115, 0.6525029818350068, 0.6003461572170629, 0.5260632741180084, 0.49391679668676347, 0.587548312556454, 0.5898178651647913, 0.4348748209952916]","{""soot"": 0.16337472514125212, ""sulfate"": 0.0993074945444843, ""nitrate"": 0.1303312399645441, ""organic_carbon"": 0.30503432161788374, ""dust"": 0.12052691731018986}",agricultural,1m,10nm,hsi,1
2024-01-05,Kolkata,"[0.524244405182806, 0.5145475201963214, 0.5921258158329721, 0.6861807352485843, 0.495110083337593, 0.6595964304554065, 0.5916455439807051, 0.5522211446794412, 0.5060711798042544, 0.6323654457434339, 0.423442829451124, 0.35799240596092385, 0.5144289396604065, 0.6501797346818503, 0.4876537105410126, 0.6858058128217486, 0.5460538003795703, 0.6741468580678758, 0.403981259217525, 0.7232980604383683, 0.44359756210057133, 0.5113240684322333, 0.49998329892603405, 0.4245666703973037, 0.4110675650635278, 0.5716659427591947, 0.5041110672914703, 0.4758288506258089, 0.513334455278396, 0.6948836424820235, 0.48027830485315687, 0.5581952999175145, 0.5530763343210028, 0.4448636784241567, 0.4261527848245469, 0.6171375371536942, 0.5136736896381509, 0.542486176984394, 0.5988390025574455, 0.5318611625447824, 0.4131230055856523, 0.5536428179068962, 0.3725073166976697, 0.5398152439965705, 0.5270284577650853, 0.47239895180058594, 0.595538643096824, 0.43710610837412706, 0.6530108200116858, 0.4110206759905984, 0.4521760139033781, 0.4913838635003291, 0.46493583593794996, 0.6823820719496914, 0.37352598531517006, 0.48899851460016086, 0.601590161610988, 0.5006289972548884, 0.420516112327689, 0.5950125888921047, 0.3926277003664823, 0.5128001675345991, 0.6514183179833133, 0.6135522985411964, 0.5611199460635097, 0.4825485562252171, 0.4151849975467925, 0.6051385358959882, 0.5883160898172951, 0.5587897554738138, 0.5595890885148109, 0.4732443369713786, 0.534495756184038, 0.3912492203400595, 0.40787012893967534, 0.562058636697078, 0.5685082207211689, 0.6329079021678885, 0.6362490293557808, 0.5025342319409332, 0.6931674514905818, 0.4946432409506486, 0.6707490851343199, 0.3693268559853665, 0.46415858707686497, 0.4579770363900505, 0.6038637436264783, 0.5667581023850596, 0.5380957457954726, 0.5155205090641503, 0.5052767458028307, 0.6305431918453707, 0.6125313922945316, 0.47130234265806337, 0.5028201959539017, 0.5623933774345667, 0.3077397072193749, 0.6021614576164486, 0.5164022297929703, 0.48888249329023165]","{""soot"": 0.18161712471854702, ""sulfate"": 0.09626243518071603, ""nitrate"": 0.20039090631924164, ""organic_carbon"": 0.36148098891643565, ""dust"": 0.05389362811972971}",agricultural,1m,10nm,hsi,1
2024-01-06,Delhi,"[0.45697702415986324, 0.4136913496743588, 0.5610347342506935, 0.5380674223384243, 0.525260311492604, 0.3947225850475001, 0.8037696712366118, 0.4371450427134483, 0.5848856284563753, 0.18756407373455541, 0.618199542603427, 0.3218613092717158, 0.48454803620541387, 0.6051689622505927, 0.6106189663973077, 0.3936731502111845, 0.5076950832892531, 0.4952955978489392, 0.5478869593504774, 0.5864694994580777, 0.350670278504976, 0.24185231306967991, 0.47702901843309886, 0.3434529475721324, 0.5432530377862448, 0.4607736198411243, 0.3376427031552227, 0.3321523549610217, 0.5780891453735283, 0.47953288375879183, 0.5017787361055651, 0.587703026272509, 0.5958209215288819, 0.494043995002846, 0.656750314912297, 0.40625582409462696, 0.5131974350284048, 0.3830534179174948, 0.4944281109493555, 0.45903535239009413, 0.49581099806178075, 0.47520496932014983, 0.41247590533979633, 0.42618943296165807, 0.5113701695761207, 0.4459626278256926, 0.5089483495962676, 0.3432908057927121, 0.4221350290881388, 0.5497128681984744, 0.5648400997651241, 0.4594200965246227, 0.34633873000960136, 0.35451514430882414, 0.365282945846366, 0.6471349091708605, 0.5633235905684579, 0.5170731261998032, 0.472391754774388, 0.6898411182005424, 0.5249232159435272, 0.5685878632780847, 0.31266815026708467, 0.47128045421163683, 0.27718441148187223, 0.5501672654391447, 0.5267021253248517, 0.5688632787841786, 0.5518543832859027, 0.598738853432347, 0.4797730340708968, 0.42620951886624064, 0.371495406013564, 0.4766776483220298, 0.412497166292917, 0.5926550599466802, 0.4453827611157902, 0.48328690545892106, 0.5252704743929131, 0.5676728977371865, 0.4236015327606465, 0.5781595936165913, 0.5793670379483342, 0.4563242893096723, 0.4965833320802623, 0.4914902813408427, 0.42051188154167707, 0.43154645120384616, 0.37204284735267545, 0.5416583339871959, 0.567706057560597, 0.5706307962840158, 0.7659493884432556, 0.4988606886567183, 0.3779370556705185, 0.5588752130644923, 0.5013985670191479, 0.3479934894426996, 0.6550439507588887, 0.49759342377061183]","{""soot"": 0.18559666664775015, ""sulfate"": 0.07153799282053394, ""nitrate"": 0.1510342669217007, ""organic_carbon"": 0.2811920481870994, ""dust"": 0.1331135973327348}",industrial,1m,10nm,hsi,1
2024-01-06,Mumbai,"[0.5933971285482087, 0.49723679575240926, 0.48400901906306415, 0.5037211366390112, 0.48680482773529354, 0.4892890800545571, 0.5671077021854448, 0.45683428458222475, 0.5089432440056023, 0.5226307895399919, 0.6781037062562141, 0.3280072707600268, 0.6292587490720041, 0.5298579738867474, 0.5311512718372282, 0.4564730057688708, 0.41224802911771763, 0.5004276203990563, 0.4641078662593989, 0.511824921459957, 0.40913960263404503, 0.5582059069258501, 0.4542101984302269, 0.26664953896833776, 0.5873205227482441, 0.5712493695161597, 0.4618460210331864, 0.6037876205878973, 0.5231357379524361, 0.5080850025537639, 0.4841376791333677, 0.3453271954058218, 0.6007096281553309, 0.5517407796238168, 0.2752266644317889, 0.4703716928022343, 0.5574067189760508, 0.479066762032797, 0.5239066948856322, 0.4909804184001364, 0.5459425091789624, 0.39870179345487566, 0.39069342574112464, 0.5168223260009298, 0.6795469820623713, 0.5958542642995308, 0.4655866691739402, 0.6243511189594025, 0.6301257432489477, 0.7656511373468009, 0.4034018304453277, 0.5806061564059934, 0.4036560941779476, 0.40669165373326144, 0.5319545503551094, 0.375005754110444, 0.49319135592174934, 0.5565438440432112, 0.3727856618101132, 0.466061147809958, 0.6261557194101852, 0.534780349877707, 0.4508051734094718, 0.5432343093586025, 0.5458226823916364, 0.48173434094690815, 0.5545612997787498, 0.48873683189242473, 0.4452738606212561, 0.3937964179740361, 0.35153319202685585, 0.5451339288495572, 0.41327895036931706, 0.44982673899053005, 0.6061408084336073, 0.5003465724745775, 0.4169065357097912, 0.6117808427057225, 0.39313297954134396, 0.49467839402169145, 0.43926617691555114, 0.5511989571419742, 0.36360167909390106, 0.4627092788429554, 0.4542809140203575, 0.5051386155009191, 0.623903852238032, 0.48524809402449226, 0.5075179397504561, 0.5087544772372683, 0.3243184953989918, 0.6624999654988424, 0.48438291796830457, 0.5086504995293532, 0.5389302614660976, 0.6249155954039106, 0.5007009760297383, 0.39187106043249836, 0.3942378945419225, 0.5377356697522444]","{""soot"": 0.16332033360338344, ""sulfate"": 0.09208101750116565, ""nitrate"": 0.12510633489949932, ""organic_carbon"": 0.21137598453707296, ""dust"": 0.07967248872358221}",agricultural,1m,10nm,hsi,1
2024-01-06,Bengaluru,"[0.4645563340645964, 0.4528145041152298, 0.5812162749108741, 0.7174129130938716, 0.6634090519243567, 0.5720000439892933, 0.5485224930202917, 0.6979314922799587, 0.5925574334183523, 0.4777975508747704, 0.3639401635905872, 0.3940361693718787, 0.49378835007240457, 0.5516972244474192, 0.4176369537070599, 0.45478735878370363, 0.40705632623751875, 0.4233323024684551, 0.5090578949861173, 0.5617684233759277, 0.4263778573592285, 0.38347243661059927, 0.3230270630840206, 0.42960187800427446, 0.5061005544388514, 0.30436364901323, 0.4110290059508682, 0.6466453806545864, 0.44036590847259804, 0.626486537712664, 0.46208866954962324, 0.6323778046920336, 0.6620191112945253, 0.6082388166803143, 0.45791771360536043, 0.5250247261906459, 0.44646981657791507, 0.5285985472820429, 0.54151260329474, 0.4829476750173669, 0.4612314998104244, 0.2061705853745442, 0.5045797002716174, 0.35203305258094897, 0.6210719613912223, 0.5707870142535568, 0.49115481863993204, 0.5032593904483096, 0.5896679005716902, 0.4773948258610036, 0.43544636791217, 0.5471241261827889, 0.5510383692012284, 0.4304256599914241, 0.5759789440894221, 0.37950476407746847, 0.5634654916873959, 0.4058938117727896, 0.519015748709229, 0.5381684875220438, 0.5602495476519195, 0.6639668113409334, 0.39291324867470456, 0.3400504093276816, 0.52048653330062, 0.4741689865323516, 0.2793984092972547, 0.2862613258844333, 0.3154243236031935, 0.7092089951052075, 0.5596679142743746, 0.5167090726708239, 0.5395544822690311, 0.5051033838348311, 0.5309250655340761, 0.6604835332273044, 0.3372846759478254, 0.5652980345292004, 0.7333262800640636, 0.5095952014080785, 0.4395022724913549, 0.1789680247978862, 0.5953523622526482, 0.5072531140075138, 0.548094745841908, 0.5455462667234153, 0.41487059810018456, 0.2968339640233165, 0.47801829031324533, 0.4866064272748485, 0.5790907885632604, 0.3167171347365074, 0.4466678330049791, 0.2826545253668224, 0.4812299481297619, 0.705211630569165, 0.3971789248437131, 0.504992605364387, 0.45055463247638816, 0.4225873054586172]","{""soot"": 0.23035139609211788, ""sulfate"": 0.14452512372281884, ""nitrate"": 0.1860866908592133, ""organic_carbon"": 0.305537710977347, ""dust"": 0.1066160413813658}",agricultural,1m,10nm,hsi,1
2024-01-06,Chennai,"[0.46043615045381386, 0.6131641867184583, 0.5397626078297485, 0.5131110843427426, 0.49824523956779343, 0.5322257612106431, 0.5618587745075216, 0.5885797556854564, 0.5163255575072248, 0.5569603525548708, 0.42925135457528657, 0.38028550403192773, 0.6186556773667062, 0.5960665710810247, 0.37616448728708085, 0.4561464464249821, 0.6481262367202182, 0.5030314576608035, 0.42555579528057624, 0.45690563571995596, 0.5357887401365145, 0.49255756954730245, 0.5545773680900615, 0.5935710442239706, 0.5881013812774704, 0.41102426651150376, 0.3166275094300298, 0.5855197184425127, 0.4619881769072877, 0.5886368825313624, 0.4158207058378661, 0.40312069153145064, 0.6630410169707017, 0.5748682132310641, 0.4518625394127347, 0.4268125934019201, 0.5531875483711118, 0.4728069909836761, 0.3875029535008271, 0.4706399432772475, 0.3835917657833246, 0.5499542946629309, 0.49857567125629504, 0.5669233022290275, 0.46470384130733433, 0.37887469342201296, 0.5846426783681146, 0.4678372488598021, 0.6136046423268686, 0.6058267039759128, 0.4216477771919054, 0.45266940768353137, 0.47122200728414415, 0.4452430521408556, 0.7520134358052526, 0.49868240618439014, 0.5337129249385586, 0.6067801554085037, 0.7017355115814389, 0.6834773891407755, 0.43486143681221734, 0.402191223268185, 0.3050624620753456, 0.5905455842004824, 0.3907206037711848, 0.7670859432689194, 0.6771188876263862, 0.44248501123942924, 0.17007320992559732, 0.41146286309127694, 0.5345773269932186, 0.454720688209479, 0.6152295196102919, 0.5739539814942161, 0.616106935589202, 0.4706680905038218, 0.5578453741712044, 0.43337220910650565, 0.6371693416802232, 0.4636410871042741, 0.49713610189219304, 0.46354218530939717, 0.5510346802799685, 0.4809858734236136, 0.5523942750530296, 0.527541282966572, 0.38240050366354533, 0.4106844873906338, 0.513694030373858, 0.5725163560527025, 0.38817197672149795, 0.34553894059681517, 0.5147236935489168, 0.3939452548957471, 0.5455603081823923, 0.47518437456629686, 0.3538840389938675, 0.3679039725021418, 0.444085363831494, 0.5579869901142093]","{""soot"": 0.2008184648152351, ""sulfate"": 0.09145887821191154, ""nitrate"": 0.187987072762131, ""organic_carbon"": 0.2312336765105373, ""dust"": 0.10109098974282948}",industrial,1m,10nm,hsi,1
2024-01-06,Kolkata,"[0.5547989033963673, 0.40078340167303417, 0.3445442611084809, 0.4252988829799792, 0.41434796294341625, 0.5615271073893897, 0.5469551816750969, 0.7230813805923677, 0.4341249771367096, 0.5640969755046521, 0.5215546741456883, 0.4417264781593534, 0.4604806475086391, 0.5233135031066783, 0.3234620293960774, 0.5715341249287189, 0.5990207192670257, 0.41207300966158394, 0.5157253601157626, 0.5547767033491858, 0.4073331605516151, 0.3615573054070442, 0.5519931588597486, 0.350337541969127, 0.5444395594794531, 0.44899784340092047, 0.3598207319583866, 0.5249182549833448, 0.4840622474771399, 0.4015623400409206, 0.37249983429342787, 0.4762760983402872, 0.4287904362880153, 0.4928931007801205, 0.4101094228546011, 0.4725356972826741, 0.4571172541442754, 0.40694673230965117, 0.39778047545625295, 0.6730214330781586, 0.42860117469730336, 0.39958487240607554, 0.5919546389625603, 0.5423057733312211, 0.5760936318624781, 0.47853634244930676, 0.4774301413520781, 0.5089016556573872, 0.4305148235180991, 0.4650437599119017, 0.46489715591631897, 0.44765796240234235, 0.4362068267924319, 0.4791936331098537, 0.5769156268595796, 0.50898015537095, 0.4106699905155717, 0.5738198206502899, 0.3946610047469531, 0.41954764896923247, 0.5055181041527095, 0.4296028992329073, 0.2889632449668551, 0.4401687103307326, 0.24911896306350517, 0.5008871172241164, 0.6131268775830085, 0.5872154944571071, 0.314473330353773, 0.659110097774287, 0.5826843381177271, 0.4114705774742219, 0.4205861302042127, 0.6708991997882487, 0.5607340216807307, 0.6327680499074921, 0.434353705520674, 0.5865147753366767, 0.5588986182047098, 0.40418929370425966, 0.5402473040017578, 0.588108674998869, 0.422891681464293, 0.3011212132558643, 0.5964461294146911, 0.6292995793769076, 0.46885386889066183, 0.4993338371831219, 0.48486080789053926, 0.44299221807954364, 0.3826791415531307, 0.7084984038856826, 0.4794106430150897, 0.5332189098717499, 0.5403279104141607, 0.6033939822425922, 0.3787744763779547, 0.6362429537020952, 0.40584052926902703, 0.7009991623730247]","{""soot"": 0.22919968638344684, ""sulfate"": 0.16452607573425715, ""nitrate"": 0.2230417059404704, ""organic_carbon"": 0.2309026841451994, ""dust"": 0.07316780886537515}",industrial,1m,10nm,hsi,1
2024-01-07,Delhi,"[0.6147012029927115, 0.4550242575448694, 0.45894548418441716, 0.5244253162978417, 0.45053037174897925, 0.7229035170684004, 0.4353064864613582, 0.5194289435314278, 0.38797369137976756, 0.4234787344864098, 0.4339265060439223, 0.4204972524349358, 0.35091879626143235, 0.6157665417364563, 0.49523966859828805, 0.5246651624764161, 0.4565042814364427, 0.37126737320483894, 0.5361552817051639, 0.44936940957461735, 0.6240856589441457, 0.5552151373550567, 0.6566173360748843, 0.4676081082326543, 0.6193385065073089, 0.5858409750122847, 0.4696673665532175, 0.6014551547524314, 0.535210040438501, 0.4391664830065115, 0.7301495330797941, 0.6688214653975677, 0.5988471927815497, 0.5303815340212505, 0.3456365896097059, 0.4316302147905405, 0.5438764909848629, 0.2992178085642664, 0.43219740111108773, 0.46647451616268976, 0.4269715302272417, 0.7881639913168454, 0.4025075817976245, 0.5383160554993143, 0.5516217263402412, 0.4958704015444477, 0.6730303420155288, 0.5677058019268505, 0.5250448780983514, 0.490511166576644, 0.30901719533161764, 0.5488188441491039, 0.4470192918157397, 0.5036573963103919, 0.5306270179838789, 0.6002901358650954, 0.38714453852614233, 0.4505471512280443, 0.33879064155941385, 0.48155262316433817, 0.535700233734184, 0.530406108584658, 0.46063896183658304, 0.5097497105840963, 0.4026006734383305, 0.46795637755792246, 0.3486650886469428, 0.4733461088345921, 0.5339988105782372, 0.3555353583105757, 0.5362605130030007, 0.4364010970234272, 0.676305342143562, 0.3091645097834502, 0.3243251878445786, 0.40510954432458357, 0.4500187310084356, 0.3853070155934442, 0.47683418754416657, 0.543797442971595, 0.7407094374316503, 0.5192364911507138, 0.5010519529211735, 0.5170536921025621, 0.4665227758229676, 0.5948208854702551, 0.5218014431754642, 0.6726826126984552, 0.5184118671900572, 0.4996588316126165, 0.5696366848465625, 0.6472851045082706, 0.4852622832904672, 0.6086710293897665, 0.5150640737025217, 0.32345152178093234, 0.45985407842236947, 0.46347457926362245, 0.5527006249048004, 0.4573281179060843]","{""soot"": 0.29653741204572576, ""sulfate"": 0.07580829661322627, ""nitrate"": 0.19039736400842028, ""organic_carbon"": 0.21465719714241066, ""dust"": 0.06907263105959868}",industrial,1m,10nm,hsi,1
2024-01-07,Mumbai,"[0.6017931590646846, 0.40577249286934525, 0.40822628434317104, 0.7039531799465071, 0.5268479460411416, 0.5232618102109493, 0.5149659330040894, 0.4645818097494214, 0.7450158448810131, 0.5568625042603863, 0.48176448138275213, 0.515749401194917, 0.33139560366490795, 0.5500393908316894, 0.5814246233772797, 0.7407050441336794, 0.4916830613947976, 0.431748043003148, 0.2919786419217053, 0.577224061177304, 0.5768821050689815, 0.5467653250786675, 0.5526619239760551, 0.5436051211050035, 0.5283643081475118, 0.22991697275373812, 0.654385391718554, 0.4372408723080403, 0.5485661119178142, 0.7670574432149528, 0.43390203086014373, 0.3845618943801921, 0.4933641481185605, 0.4196761333064974, 0.41501704456069133, 0.5603390008900194, 0.5237470767692575, 0.5692566938609804, 0.5801917753428614, 0.35500834751425203, 0.547729427492894, 0.5507887364136799, 0.3595165159430342, 0.627142471250813, 0.5561185474443497, 0.42879530419856166, 0.4208505097041254, 0.6483660868506927, 0.39991283235843833, 0.33297959768624297, 0.534606172930091, 0.5200055304273192, 0.530729199425755, 0.6449361916172511, 0.6418536715232664, 0.5444008642110484, 0.573960761927652, 0.39782262643781846, 0.6497909770767598, 0.5886762048914105, 0.6267297603422273, 0.5386911075177755, 0.5324125702987186, 0.5651767114161925, 0.49521691594617806, 0.40658676276673245, 0.5249578355095229, 0.5866375608389238, 0.5268845776560944, 0.6379425626889076, 0.5958811365150365, 0.47177572567087334, 0.40936742494435147, 0.5579961557229526, 0.6559047911834852, 0.31294274818414725, 0.45150248253863956, 0.35412694350861185, 0.5582125641507395, 0.4708168246227901, 0.40385755807760093, 0.5789741670817946, 0.459179524524805, 0.49113348207476304, 0.5393561434512617, 0.5733631024629069, 0.44775076905268363, 0.33270537041489556, 0.45357931869796697, 0.5242546467252521, 0.5369208165299916, 0.3230523089904028, 0.6120387624563203, 0.5935879526336786, 0.6283942301759187, 0.6736629373025826, 0.5579215257993827, 0.49607940052423105, 0.4388892014295929, 0.372333052947433]","{""soot"": 0.14931129507614796, ""sulfate"": 0.17492990661368535, ""nitrate"": 0.22044959775591988, ""organic_carbon"": 0.2830218402701202, ""dust"": 0.08915796916271276}",industrial,1m,10nm,hsi,1
2024-01-07,Bengaluru,"[0.5577483535354274, 0.45890178132498316, 0.5798605572797746, 0.5537674564860534, 0.6241577223075532, 0.48185601539449563, 0.6702648891310193, 0.5647852063498027, 0.5501503621546209, 0.46462429778732417, 0.6156666736333747, 0.4223536040719197, 0.471549850508169, 0.4552958165320372, 0.6632320747772136, 0.3780059083937947, 0.40340057927480466, 0.42395121155435245, 0.5553895743763451, 0.5371214674021109, 0.4335999553540261, 0.5382327132370661, 0.5691185087218478, 0.7424048713402028, 0.45471639826832616, 0.5467869859974129, 0.2576492156926881, 0.4729209941521497, 0.29845355438988314, 0.5416561731814306, 0.47537227081853656, 0.6396537623544865, 0.7232842075368366, 0.6151170414232385, 0.3278017185343264, 0.40179112824627733, 0.5372689216463148, 0.6447712212937019, 0.4637689741401882, 0.39750653473160913, 0.6579149962059699, 0.5240328531076366, 0.2665615343750187, 0.599243891706023, 0.6856500870341369, 0.5223743785522155, 0.3186633966833584, 0.4216378554165667, 0.6523000304753497, 0.5882997273579893, 0.6688628700048075, 0.42986163173890546, 0.5918897380454837, 0.6248563690993012, 0.5821074547495952, 0.3011702767005373, 0.46854858749393186, 0.3580804678438565, 0.42921556195366395, 0.3925415649441255, 0.4800852340569311, 0.41033296523201895, 0.41807907915289766, 0.5520208169166795, 0.5146995396610019, 0.43913387089732653, 0.554832788231926, 0.625269930532438, 0.5639049365343316, 0.4295232186446216, 0.48250690170814664, 0.428190046715638, 0.49959799256131054, 0.36893416255560263, 0.6640418587127614, 0.43417298476918675, 0.40699408142998683, 0.44674458470175904, 0.5708593566140033, 0.4332813955145252, 0.5052314117310437, 0.5443668338960274, 0.3804618778526381, 0.42372656364670735, 0.44346657856805727, 0.4463480317329464, 0.5127871250803624, 0.5690556043956696, 0.4683538393819874, 0.42207318447667136, 0.36133445918103835, 0.38390450919592045, 0.4727661540561341, 0.48005636669113705, 0.5897102858417942, 0.5215740305463668, 0.4613862286342009, 0.5287045523973471, 0.5319735509517023, 0.47544413174525024]","{""soot"": 0.11507475876399076, ""sulfate"": 0.15103709741113125, ""nitrate"": 0.17273041057891642, ""organic_carbon"": 0.27145857263647055, ""dust"": 0.09310692783190447}",residential,1m,10nm,hsi,1
2024-01-07,Chennai,"[0.4964585903537583, 0.522728948826059, 0.5372316610974749, 0.27839152893463825, 0.42067305904336194, 0.5199351021501227, 0.5696108112643442, 0.6507683863229978, 0.5924656092564082, 0.47859433958143965, 0.5262947121550074, 0.41196549403826316, 0.44184232466253925, 0.5715275766159229, 0.5831634240062238, 0.5219163249713141, 0.5024963973148439, 0.5286583085559484, 0.5685582476208135, 0.48289836363605987, 0.5024485121923532, 0.5494516816071013, 0.5242040466042897, 0.5054035392569551, 0.5281455684465175, 0.49803500493559927, 0.5577184468156373, 0.61822496913002, 0.3320640664053194, 0.6385015986208018, 0.27667063034709377, 0.5981070687022579, 0.31966397334550767, 0.5539300528580462, 0.5293350187441774, 0.5239911748008186, 0.5097436184304474, 0.6106169191949011, 0.477136767659723, 0.7205556696975064, 0.3179937569600121, 0.5387499265745717, 0.3974149293723123, 0.5770188867695012, 0.3097873370110023, 0.4821209692970029, 0.5732854823277745, 0.648218933103354, 0.5445343068978286, 0.43678105344254065, 0.604705383853803, 0.544367459460212, 0.6556259748944238, 0.37655105171000897, 0.3476667406958057, 0.458495263606464, 0.5993718996770298, 0.43707735422431127, 0.6619713699919072, 0.706082631725376, 0.6182028372222315, 0.4937197406485589, 0.4212568249633065, 0.6458235620191791, 0.4850116923533091, 0.562775493360256, 0.5443036957955295, 0.5484373182101495, 0.4444511137458048, 0.5066212017040171, 0.43123468660603637, 0.5489898957625431, 0.6334290508467092, 0.7446230799660947, 0.49272361795979214, 0.6857509594720793, 0.572059808314601, 0.5752714673803735, 0.38751232199226493, 0.5764718441032086, 0.5137458038288882, 0.47030398518792144, 0.49184738832358005, 0.358449488173618, 0.590236448277107, 0.39037506946709166, 0.5041295764599443, 0.5002982113539954, 0.5604078578367908, 0.5446045294719764, 0.5891097016798874, 0.5001066215595734, 0.44722718624442204, 0.5708961562662338, 0.5432641243080756, 0.23237435797845318, 0.27740828445245674, 0.5305195537108423, 0.38887824387462955, 0.6138981141102902]","{""soot"": 0.16496335478588844, ""sulfate"": 0.13274661499262966, ""nitrate"": 0.15426421551378244, ""organic_carbon"": 0.2609483957097521, ""dust"": 0.07775491114677857}",industrial,1m,10nm,hsi,1
2024-01-07,Kolkata,"[0.5708578927229828, 0.5780654594373773, 0.5666341880261792, 0.6144101544404372, 0.49901704920301315, 0.6249996792798321, 0.3451430133126092, 0.4445329386862096, 0.5542954203196594, 0.6502020479144917, 0.478043047058421, 0.38354548737625016, 0.48611045237304934, 0.6159198671505164, 0.6392268852677806, 0.5338251773160114, 0.48092015716375497, 0.4709342722633406, 0.7162877760875481, 0.4797350287430509, 0.4820634876036572, 0.5879993520335017, 0.5335690577992073, 0.48189800201769317, 0.6342062289603463, 0.4537250185570653, 0.5589984992065815, 0.43435479396033533, 0.5610655037932863, 0.6775876824282294, 0.36650706231515895, 0.670773530857314, 0.49399109117274725, 0.45879697021224, 0.5249267264433521, 0.6160917332726816, 0.5922899260762784, 0.43591830843277296, 0.43014883394006137, 0.44839372178341796, 0.5648885655232081, 0.5166638570346128, 0.526956266974583, 0.5297042830813181, 0.47693924703473856, 0.5797719023650328, 0.5514564593762574, 0.46274193846822387, 0.4833047951786798, 0.41482099418752294, 0.4651913193505761, 0.4378847195264007, 0.35097781757506763, 0.6329783283600657, 0.6470226639029394, 0.5951945993908971, 0.3714763886236464, 0.6523116819651193, 0.39465425170171475, 0.45998688375388086, 0.6301641574853625, 0.531106713976278, 0.48020972701740217, 0.4915531912041126, 0.5794906772025666, 0.6086611083681764, 0.6136443132171762, 0.5164654348313749, 0.3861261626776119, 0.6136270858725235, 0.29353154499421596, 0.6423615794012014, 0.5652859565278477, 0.5822999314543869, 0.6374360865482357, 0.48053870188141523, 0.45729034130789387, 0.5098102424741519, 0.5897823464389605, 0.4455465064113621, 0.5125811042207504, 0.43021391812690896, 0.4729296288734279, 0.5668917528050504, 0.36767116095980995, 0.6599645337812787, 0.382768857966904, 0.3283647767840008, 0.6077458016138955, 0.3818655615823119, 0.5696582281553231, 0.4381108532048076, 0.32666321365373974, 0.41775669812629923, 0.6159418715076649, 0.46023732163031283, 0.5448192096240136, 0.5988347174102657, 0.5411743191255001, 0.4030309378035689]","{""soot"": 0.15715530669399144, ""sulfate"": 0.16260045142964302, ""nitrate"": 0.10730250552327952, ""organic_carbon"": 0.25009367611278394, ""dust"": 0.07800520297413635}",agricultural,1m,10nm,hsi,1
