timestamp,city,sensor_id,latitude,longitude,pm25,pm10,temperature,humidity,battery_level,signal_strength,data_source,quality_flag
2024-01-01 00:00:00,Delhi,IoT_Delhi_000,0.003876245684932147,0.008546132594563252,93.58497324376484,96.56607555385735,24.409947797406446,67.11465837815727,0.9970514661388818,0.8861491660404326,iot,1
2024-01-01 00:00:00,Delhi,IoT_Delhi_001,0.008467684467387769,-0.0028325960585209344,98.02586567720473,118.3809289041049,26.164040304954415,75.83810319425096,0.7632387951309254,0.9050524247627003,iot,2
2024-01-01 00:00:00,Delhi,IoT_Delhi_002,0.0036893268288684306,-0.00012979071737425404,76.79273425245087,95.26574949301875,31.448375726776646,33.36972640552038,0.9633451506382813,0.915832472927053,iot,1
2024-01-01 00:00:00,Delhi,IoT_Delhi_003,0.015824995958675706,-0.01380812072783523,70.62451296015878,108.0900677269567,21.957770123970676,84.48585060451629,0.9233618852313861,0.7719718766888795,iot,1
2024-01-01 00:00:00,Delhi,IoT_Delhi_004,-0.008959720545187523,0.00777280204250484,17.475316129100456,93.8088516025686,40.03491176565039,80.94259774969055,0.9742953631536833,0.5065665165456065,iot,1
2024-01-01 00:00:00,Mumbai,IoT_Mumbai_000,0.012943663800507795,0.009807305663467668,44.274044565804985,103.21271219009287,19.090860297066435,61.14650178312325,0.30379047573764917,0.9092797853668937,iot,2
2024-01-01 00:00:00,Mumbai,IoT_Mumbai_001,0.0028828179465003535,0.017501860653897593,37.91702354165434,113.93650488598078,21.648467612367316,68.69399026537724,0.5878112382212717,0.7394952736979072,iot,3
2024-01-01 00:00:00,Mumbai,IoT_Mumbai_002,0.007649287588934737,-0.00034869587799350466,45.969695747086774,91.65980133420749,23.473230566184096,43.18131162965112,0.4868674702943211,0.8161007190638458,iot,2
2024-01-01 00:00:00,Mumbai,IoT_Mumbai_003,-0.00721243006655539,-0.008005380335021527,52.873660379425125,135.72193202453977,20.500957907133785,46.5843937427221,0.5666373081861553,0.8065406415193354,iot,1
2024-01-01 00:00:00,Mumbai,IoT_Mumbai_004,0.01053692550486709,-0.012359865124713947,78.49432109017762,73.31928228984339,12.920661737312756,70.01591055952491,0.4415940267493048,0.8675010914621555,iot,1
2024-01-01 00:00:00,Bengaluru,IoT_Bengaluru_000,0.0032389756400584492,0.00813389492497397,76.57556075360904,50.96565682858118,12.920503997923017,91.27847722520767,0.49475501585952886,0.9164882139639505,iot,1
2024-01-01 00:00:00,Bengaluru,IoT_Bengaluru_001,-0.004156929634365372,0.009847461242198362,35.57933727907631,98.76822560866191,22.959268329962814,55.79907837648078,0.967249632302283,0.502816019226432,iot,1
2024-01-01 00:00:00,Bengaluru,IoT_Bengaluru_002,-0.007511548714898454,0.005154144316462963,88.0522598539897,99.6241245233753,18.36244710386948,28.325769991467943,0.37306340401735916,0.9251332910510541,iot,1
2024-01-01 00:00:00,Bengaluru,IoT_Bengaluru_003,0.015497488510907449,0.006986770855914165,49.41419111467552,73.27679627526774,32.181662073590445,62.50628781911068,0.47321573512544024,0.5881672478344999,iot,2
2024-01-01 00:00:00,Bengaluru,IoT_Bengaluru_004,-0.001469559398935831,0.006521812744304407,58.79667221462271,42.63753717670581,9.752951460550232,77.04763488872291,0.3592917911454737,0.8930132468561383,iot,1
2024-01-01 00:00:00,Chennai,IoT_Chennai_000,-0.0037850168663265548,0.0022462312805281975,57.10866078940885,89.62895546848792,16.17739920158791,76.15702339385561,0.43234666859214416,0.6010132535970052,iot,1
2024-01-01 00:00:00,Chennai,IoT_Chennai_001,-0.0033454602845569043,-0.01553366112037586,21.812329865072364,91.40079825914056,26.532006865276937,64.91639329507532,0.46767648533841777,0.6464816773905901,iot,3
2024-01-01 00:00:00,Chennai,IoT_Chennai_002,-0.009489525234309397,-0.009809441372305897,79.54889030316616,73.53184937293238,14.506731945641054,70.54911178095827,0.34027422483714775,0.5849659702927639,iot,3
2024-01-01 00:00:00,Chennai,IoT_Chennai_003,-0.00722738930968948,0.004116184580811469,94.30685358387362,83.67972454679271,17.63931457052629,78.31200830541766,0.7013263916768444,0.5258642040138415,iot,1
2024-01-01 00:00:00,Chennai,IoT_Chennai_004,-9.91595091472574e-07,-0.004191924091539502,50.200817314784466,106.56802547161351,33.925896451529695,73.73772427400435,0.4159345556678665,0.682146167920408,iot,2
2024-01-01 00:00:00,Kolkata,IoT_Kolkata_000,0.0011639970013123317,0.0011342696534583157,54.40989599230829,76.5551578074458,36.20314800426678,72.7040245497048,0.686325909968133,0.8470949801091071,iot,1
2024-01-01 00:00:00,Kolkata,IoT_Kolkata_001,0.01447357510201618,0.002879892839847555,51.698118830853915,72.56923554792175,34.70594605387224,60.18805177831057,0.8750326678553138,0.7934168037690924,iot,1
2024-01-01 00:00:00,Kolkata,IoT_Kolkata_002,0.022095104214188793,0.008719450943565792,46.30790773377548,90.88337181410061,28.63631817598489,77.51731789514906,0.9682471927683516,0.8215677352138147,iot,2
2024-01-01 00:00:00,Kolkata,IoT_Kolkata_003,-0.00994302504320163,0.0040756216989138675,84.55193489310797,68.47251685347133,19.70095156737831,33.755207455968176,0.6448739679721117,0.6832019326718153,iot,2
2024-01-01 00:00:00,Kolkata,IoT_Kolkata_004,0.0030950402033179582,0.0009681883001857163,83.67404452201849,133.30097789804444,26.021798487246585,87.5437397211812,0.3671167181894138,0.7948294946615276,iot,1
2024-01-01 01:00:00,Delhi,IoT_Delhi_000,-0.004402886357410415,0.004378814584702994,85.17075528256493,87.51230553946037,27.96843827278998,42.86572911773446,0.38080704603348314,0.5849573348937522,iot,1
2024-01-01 01:00:00,Delhi,IoT_Delhi_001,-0.02565855168489412,0.007258005732217135,65.2187061231393,123.10370085584586,22.966618056016525,96.94549327449536,0.4880385794079472,0.6642804011362701,iot,2
2024-01-01 01:00:00,Delhi,IoT_Delhi_002,-0.00751919730824227,-0.009720634145301945,47.30600004574729,91.85866139102586,26.393518710582484,39.98910666718097,0.6747396814045293,0.912045192525934,iot,2
2024-01-01 01:00:00,Delhi,IoT_Delhi_003,-0.01137874079477752,0.004661677879913135,58.35493603745116,129.4550693437538,25.5102766490618,48.54412014843944,0.3199146805503766,0.9231626483693564,iot,1
2024-01-01 01:00:00,Delhi,IoT_Delhi_004,0.012805792602445415,-0.022823904768894353,35.617713348933584,174.5125854397771,21.83279993467238,60.78002727985432,0.7789109792523785,0.9620719362519925,iot,2
2024-01-01 01:00:00,Mumbai,IoT_Mumbai_000,-0.008098409426404643,0.02597494302718833,63.984503763757495,47.34461173701702,32.83096214362116,57.3231024629196,0.876923291380842,0.9765167077248473,iot,1
2024-01-01 01:00:00,Mumbai,IoT_Mumbai_001,-0.0011471732348720227,-0.0038346241945365436,91.96431945886573,77.19954192161995,24.531400491328384,83.63645783286621,0.756231002600361,0.939586789223539,iot,1
2024-01-01 01:00:00,Mumbai,IoT_Mumbai_002,-0.005482847130320988,0.01223376022185786,98.20128759417454,165.6301195383396,21.437967009597944,57.4361563141421,0.7146702855537546,0.5844040878368164,iot,1
2024-01-01 01:00:00,Mumbai,IoT_Mumbai_003,0.016946399816783305,-0.0010877761279438373,74.1780148572237,151.89879250209233,13.466641992483268,42.995097235349846,0.901197389751216,0.5882495489643701,iot,1
2024-01-01 01:00:00,Mumbai,IoT_Mumbai_004,-0.00025723799531728226,-0.011198669533527,10.391732781985809,48.27877881788274,10.351856253796116,88.60296726437024,0.9092986464444643,0.9783990076924742,iot,1
2024-01-01 01:00:00,Bengaluru,IoT_Bengaluru_000,0.00559406864044811,-0.0003930960172346245,57.64534464326856,66.3617581132014,24.338630932660813,91.62541454496935,0.961448757781334,0.6406173828727941,iot,1
2024-01-01 01:00:00,Bengaluru,IoT_Bengaluru_001,-0.000596238948303288,0.0026075544965901594,65.82241351986102,77.14554239874238,11.696433284382252,51.220733168287595,0.6757887272596363,0.7977360358472139,iot,1
2024-01-01 01:00:00,Bengaluru,IoT_Bengaluru_002,0.009538627255719362,0.02487871239082685,34.26306120342503,80.93762019642583,8.391702166277845,57.68251183116625,0.3869547291753972,0.994009065366154,iot,1
2024-01-01 01:00:00,Bengaluru,IoT_Bengaluru_003,-0.007848182752706304,0.0028893905578393003,73.79836136880418,44.29818077100221,25.884046533654733,52.96279449517165,0.9782241100242499,0.8404615826548123,iot,2
2024-01-01 01:00:00,Bengaluru,IoT_Bengaluru_004,-0.001135679430397325,-0.0027073647179433847,38.01092093103042,143.41895980479973,19.06566857896221,57.197866517741346,0.7752970028510633,0.6841197178811969,iot,1
2024-01-01 01:00:00,Chennai,IoT_Chennai_000,0.00720381202169423,0.012526341504276558,68.80027779199094,65.75889946510105,33.86780507770611,54.40872212242894,0.960795678447643,0.8371726299889664,iot,1
2024-01-01 01:00:00,Chennai,IoT_Chennai_001,0.004069351024682115,0.008243346941665203,53.27756999946508,107.58255221736431,16.535348040805715,86.06208104766634,0.685318087721627,0.8742391458372263,iot,2
2024-01-01 01:00:00,Chennai,IoT_Chennai_002,0.006891897928979334,0.003511632892261484,49.78687659279707,62.97144095358226,36.57395261479261,49.869032993889824,0.363636442514965,0.841804843766266,iot,1
2024-01-01 01:00:00,Chennai,IoT_Chennai_003,0.01098059782210577,0.004721787516090334,55.07188558927092,95.07388483229143,39.77588911670496,62.523668852176186,0.3871098270149689,0.7361669114583818,iot,1
2024-01-01 01:00:00,Chennai,IoT_Chennai_004,0.0007721031130329279,0.0037921103703581643,58.802860465612966,71.66825156398491,39.39060642721196,46.74818089570617,0.4818409724811782,0.5592396417042544,iot,1
2024-01-01 01:00:00,Kolkata,IoT_Kolkata_000,-0.011689439170874755,-0.007392507574752087,48.41455253706947,126.96952585984528,29.63336877938812,80.18825813618943,0.5561576922828935,0.6678683753948096,iot,1
2024-01-01 01:00:00,Kolkata,IoT_Kolkata_001,-0.023552653991970502,0.008610972193554774,64.88909227777663,111.10546774989626,22.336975354363293,60.5334196401656,0.815960720559459,0.8554715415082579,iot,1
2024-01-01 01:00:00,Kolkata,IoT_Kolkata_002,0.005010457992415634,0.004560196029311588,79.07687615283163,110.52150044641083,22.95361466883485,61.77172271848114,0.9026411425816954,0.71364761404317,iot,1
2024-01-01 01:00:00,Kolkata,IoT_Kolkata_003,-0.009121787951059907,0.023179288112007312,54.766021277437154,90.69273575156625,20.510045199778368,105.11010163551799,0.6894363712967427,0.9105649555002377,iot,1
2024-01-01 01:00:00,Kolkata,IoT_Kolkata_004,0.006334967378647739,-0.004758543668044367,33.939448080772365,111.3041368435693,17.921490171668047,38.100951876655856,0.5087169656152358,0.5881898983790225,iot,1
2024-01-01 02:00:00,Delhi,IoT_Delhi_000,0.001457048327999161,-0.0038484419395764698,62.86931298863145,135.9681852657858,28.717463657667153,39.5371911296814,0.4490317033483847,0.9194727548175623,iot,3
2024-01-01 02:00:00,Delhi,IoT_Delhi_001,0.006405240352099607,0.0018426902825088751,27.88835978918059,134.22109790854898,29.673186664840706,40.25557045390944,0.7557408856077585,0.6021252356128255,iot,3
2024-01-01 02:00:00,Delhi,IoT_Delhi_002,-0.004162498936829849,0.01704554286793433,57.59953135852925,57.25886627620534,25.289110313085487,51.85975883648189,0.940147070727519,0.5694632611625383,iot,2
2024-01-01 02:00:00,Delhi,IoT_Delhi_003,0.010205301799309294,0.013621329839912585,52.16387390052614,63.49002378710743,34.30515108243353,73.91943243728089,0.6349592228686151,0.5961833384905106,iot,1
2024-01-01 02:00:00,Delhi,IoT_Delhi_004,0.003241347829337233,0.00721553437598506,46.16178809483161,26.58286974564816,16.410275261435253,61.44577020151579,0.85491942627082,0.7417045595860653,iot,1
2024-01-01 02:00:00,Mumbai,IoT_Mumbai_000,0.0010271574483881872,-0.005926865881250944,10.89784988551557,103.77617135816625,26.761279495067583,64.77865545347878,0.8779500790303671,0.5773574425288979,iot,1
2024-01-01 02:00:00,Mumbai,IoT_Mumbai_001,-0.01595078699421027,-0.0006062592895095745,35.246040153531034,110.51665140938148,23.596727974205947,74.01244809153053,0.9355754357919182,0.7622706678851883,iot,1
2024-01-01 02:00:00,Mumbai,IoT_Mumbai_002,0.005179327851752882,0.012103992895407008,113.41414445485789,99.30168872263017,24.897427346340308,44.39918434481041,0.6463213623831072,0.587449040477133,iot,1
2024-01-01 02:00:00,Mumbai,IoT_Mumbai_003,-0.0027509349575640524,-0.009800575450903024,73.34558078185317,86.59328086785239,10.407541855378351,82.21041877792639,0.48732482443622194,0.7373698154786056,iot,1
2024-01-01 02:00:00,Mumbai,IoT_Mumbai_004,-0.008600358717486658,0.013214617923099437,22.418229221211924,100.53798336542314,18.6655840979815,49.1572516214222,0.7960291102017534,0.9311828226699609,iot,1
2024-01-01 02:00:00,Bengaluru,IoT_Bengaluru_000,0.016724086984521762,-0.0249476608825344,70.57970028776893,68.03607542899849,26.40862541416432,54.33297560380531,0.8936957778978549,0.7048073369733614,iot,1
2024-01-01 02:00:00,Bengaluru,IoT_Bengaluru_001,-0.000506845641207733,0.013382906040367876,63.49488350897905,94.80326330406456,12.359579858854607,50.90538008743047,0.9915696328468315,0.8953760975690195,iot,1
2024-01-01 02:00:00,Bengaluru,IoT_Bengaluru_002,0.00020619788409584856,0.010490681983238643,87.49850462991574,127.08296192375998,26.95469365860164,39.598564895960244,0.5150379371297436,0.9714638228044559,iot,1
2024-01-01 02:00:00,Bengaluru,IoT_Bengaluru_003,0.011318658576190606,0.006849063082766902,45.31379437583748,99.47531227206903,31.523488699043156,67.44175927776567,0.7306468289771886,0.7079332852786694,iot,1
2024-01-01 02:00:00,Bengaluru,IoT_Bengaluru_004,-0.0019763455064287366,0.011188328844430367,52.06040530604225,98.95133450610562,31.634125579488554,54.082851459636316,0.8281832574388959,0.8088043118853149,iot,1
2024-01-01 02:00:00,Chennai,IoT_Chennai_000,0.014736338013968554,-0.002677423261935822,62.16680250995657,92.9396772317318,32.74803858517273,63.871886627270484,0.5868031496694281,0.8421645126222513,iot,1
2024-01-01 02:00:00,Chennai,IoT_Chennai_001,-0.02295129181299469,-2.8469324472743028e-05,31.88792975034609,99.50154224493735,36.322287731066936,32.79169670018493,0.4964236962418753,0.6444055133840277,iot,1
2024-01-01 02:00:00,Chennai,IoT_Chennai_002,-0.0239322725144377,0.02793486620529159,77.84003442641782,28.32951289503483,31.15315307551622,66.54317516942756,0.8105094322163835,0.571763963125186,iot,2
2024-01-01 02:00:00,Chennai,IoT_Chennai_003,0.007428205345076974,0.0035504057313900913,69.7565810452029,63.82814875488833,22.417434581271003,65.44625349783425,0.5319094842565479,0.5979944606673049,iot,2
2024-01-01 02:00:00,Chennai,IoT_Chennai_004,-0.011704332730981966,-0.012688840966202986,15.193935459488806,101.65489919627618,29.288158047498808,63.09102739332538,0.536700972371348,0.7113634033117615,iot,3
2024-01-01 02:00:00,Kolkata,IoT_Kolkata_000,-0.005385357603818398,0.012632020903027895,69.52492676138648,90.81713324234711,23.120598959008603,29.66637964824422,0.538182329061496,0.7838419766400359,iot,2
2024-01-01 02:00:00,Kolkata,IoT_Kolkata_001,-0.0015987978289834053,0.0011380746413213573,65.76065783230105,82.44136545338634,21.892982504289645,41.84234515643404,0.7310515100477966,0.7096914502387779,iot,1
2024-01-01 02:00:00,Kolkata,IoT_Kolkata_002,-0.006675012096583104,0.0031284753104542326,74.14519931720014,71.76926083033563,28.823102681692035,53.21575900084773,0.31333155222846326,0.9544447969187695,iot,1
2024-01-01 02:00:00,Kolkata,IoT_Kolkata_003,-0.005426533420594415,0.013646170332280222,48.604524705824815,89.2583096214626,36.880251570468616,79.03392585814983,0.9175014631081648,0.5194880098803674,iot,2
2024-01-01 02:00:00,Kolkata,IoT_Kolkata_004,0.0032854672732183054,0.013826562331745004,46.663454871359875,65.43877338993539,27.257142219762994,67.08712838921714,0.8886330242802405,0.6628722447589939,iot,1
2024-01-01 03:00:00,Delhi,IoT_Delhi_000,-0.008376012276720263,-0.015738605324749504,39.806537387044656,47.13507670462127,25.46385091055052,63.055701789953474,0.3295326389806169,0.5491894249145489,iot,1
2024-01-01 03:00:00,Delhi,IoT_Delhi_001,0.005835171744666169,0.003655828348189949,78.13657108175121,122.21243915191039,29.412807598398306,45.90551239868329,0.7774616721715193,0.6042338618588072,iot,2
2024-01-01 03:00:00,Delhi,IoT_Delhi_002,-0.007560640804081928,-0.002712807439159878,37.00185033283729,133.02289828995725,23.079197036557048,54.249776530204784,0.7190890851740728,0.7083688280522066,iot,3
2024-01-01 03:00:00,Delhi,IoT_Delhi_003,0.005580555313464377,0.00405197056025,44.246045603353295,45.89623606493135,27.04329285134077,67.30113639304355,0.8917115127857824,0.7742419081826384,iot,1
2024-01-01 03:00:00,Delhi,IoT_Delhi_004,-0.01167319050325754,-0.004742746655437298,45.46095856156509,116.04970118615597,21.32786098820668,55.92115447411265,0.4507972607066997,0.7279891695021288,iot,1
2024-01-01 03:00:00,Mumbai,IoT_Mumbai_000,0.010270114758770113,-0.0008675348234999567,71.97977820440411,87.16070725694904,22.78720208453761,56.044481690772734,0.6776810285247532,0.8752571902605569,iot,2
2024-01-01 03:00:00,Mumbai,IoT_Mumbai_001,0.0013540347031079226,0.0020866132656284057,53.12883925783223,70.29663024446461,23.37516194476913,44.55660824600497,0.3253738797478949,0.8662756338047537,iot,1
2024-01-01 03:00:00,Mumbai,IoT_Mumbai_002,-0.015625017834806926,-0.00973405597479706,69.74032178660563,69.51974586714067,26.08523342439764,75.35799214367508,0.46366949383855144,0.6465930177945962,iot,2
2024-01-01 03:00:00,Mumbai,IoT_Mumbai_003,-0.005768070297916265,-0.008017505963034936,41.340513453093465,110.578599127086,33.775226854115374,48.727505913212006,0.5130651840046463,0.7552204266383257,iot,2
2024-01-01 03:00:00,Mumbai,IoT_Mumbai_004,-0.015060262769447011,0.00823504063342135,57.23659095921101,102.59889966950948,32.572953473276975,60.5454705560686,0.5996034800893949,0.5581156860413599,iot,1
2024-01-01 03:00:00,Bengaluru,IoT_Bengaluru_000,-0.022585030621458998,-0.005805670656993728,79.51083922972785,134.20032940753092,30.187696125318645,80.56973268360278,0.31043930927428487,0.5159092405576,iot,2
2024-01-01 03:00:00,Bengaluru,IoT_Bengaluru_001,0.001445992999994635,0.011223508626180234,51.15630539882051,81.96025010596516,34.30797464077425,61.097138632378886,0.3134912643716377,0.5753200358012189,iot,2
2024-01-01 03:00:00,Bengaluru,IoT_Bengaluru_002,0.022336159772955232,-0.006674687578555459,80.00920869960491,94.77945436205903,35.380471580546924,45.52075873804425,0.8111479241953305,0.872583762129739,iot,1
2024-01-01 03:00:00,Bengaluru,IoT_Bengaluru_003,0.019847091308149642,0.0033930112549599312,82.89720890865807,71.73179445667871,13.223713580291424,67.35219025420088,0.3775664793592874,0.8307197451867269,iot,1
2024-01-01 03:00:00,Bengaluru,IoT_Bengaluru_004,0.011717183148479209,0.004936434618921406,52.4622747343158,113.42137851795434,33.93001795805512,71.06766286380962,0.9637794874144805,0.7994153277451908,iot,2
2024-01-01 03:00:00,Chennai,IoT_Chennai_000,0.005382993734587357,-0.007304477931507492,73.71626103547986,84.20958424806928,23.940733128051505,89.03892734847923,0.9692987725004198,0.718534267592946,iot,3
2024-01-01 03:00:00,Chennai,IoT_Chennai_001,0.01060151862021117,0.013066421102108379,92.18895304655697,136.71308220299034,15.008040472609427,48.5330531290342,0.6558349431717436,0.8497869280882557,iot,1
2024-01-01 03:00:00,Chennai,IoT_Chennai_002,-0.0056460271185389856,-0.012240931712664261,59.513550642233845,96.86922505677279,20.477989278166124,60.84240104276575,0.5103449498504724,0.7144458304440566,iot,1
2024-01-01 03:00:00,Chennai,IoT_Chennai_003,-0.014788282759643947,0.0007408638546708229,67.97716371375019,73.83025058840101,30.095556019061572,62.462637952058444,0.41362502207225554,0.5123163547324625,iot,2
2024-01-01 03:00:00,Chennai,IoT_Chennai_004,0.0038756748607174946,0.01004742588653855,71.67812585298176,96.33075158443825,28.411485473892235,68.60121129045261,0.8297683697532432,0.9778835229362121,iot,1
2024-01-01 03:00:00,Kolkata,IoT_Kolkata_000,-0.0050997594394152825,0.002655396059524717,52.086339168357746,51.65285149603648,24.727657076084032,75.93033536852465,0.5938762032630879,0.6826499595244238,iot,2
2024-01-01 03:00:00,Kolkata,IoT_Kolkata_001,-0.003935795630104531,0.009339367507012817,75.49933786240447,120.35749844896608,26.78451371369282,55.61286439561856,0.9728152783627773,0.5141581546594907,iot,2
2024-01-01 03:00:00,Kolkata,IoT_Kolkata_002,-0.0024001372936142983,0.003047521774131326,41.30660008876416,42.682224438864324,37.09551449884178,36.579117981031146,0.8834036286114619,0.9899877009279454,iot,1
2024-01-01 03:00:00,Kolkata,IoT_Kolkata_003,-0.00834189943065215,-0.0068857604480453295,73.8199327855894,98.43518323116095,31.639190061647593,75.93794698365402,0.9919834982158766,0.5878564509698264,iot,1
2024-01-01 03:00:00,Kolkata,IoT_Kolkata_004,0.0025537543925154386,-0.00901765463385453,47.60957052031291,115.1987338596822,25.364342600480803,64.74356471392241,0.7774012978591509,0.700945902335449,iot,2
2024-01-01 04:00:00,Delhi,IoT_Delhi_000,-0.016858658352900912,0.008300178467428554,27.301962492659975,88.6541994929523,24.0590283550823,53.278997802119285,0.3855971038942294,0.7556149491770128,iot,1
2024-01-01 04:00:00,Delhi,IoT_Delhi_001,0.009577749907206941,0.014863285318419118,72.024537852686,120.84347412542945,33.91177742809627,69.48810514978697,0.9477858911733226,0.9364695559539193,iot,1
2024-01-01 04:00:00,Delhi,IoT_Delhi_002,-0.015455648592345028,-0.003965285451102409,81.50187596680453,37.91684645941922,23.6833982456054,79.916486585847,0.689576989827787,0.9599575804581975,iot,3
2024-01-01 04:00:00,Delhi,IoT_Delhi_003,0.005722795784224946,0.007738725605391489,41.282505167700336,117.96013331535416,25.500973335118186,56.74354847557201,0.9696416718817924,0.9079567976717183,iot,1
2024-01-01 04:00:00,Delhi,IoT_Delhi_004,-0.005276603508864659,-0.010291110882525408,74.29662944495452,128.37140623968293,27.3997994856492,90.26515544292415,0.718387917685375,0.5677846073944333,iot,1
2024-01-01 04:00:00,Mumbai,IoT_Mumbai_000,0.008619482582924758,-0.004315903783916059,49.47597139019675,129.33153438025985,2.988368193690558,35.345470750413874,0.7633102552012121,0.7718199775017985,iot,1
2024-01-01 04:00:00,Mumbai,IoT_Mumbai_001,0.001814783508391884,-0.001635264687184244,79.27937971511608,111.20543958603265,13.642549377512799,73.60908375075154,0.40351580786847585,0.6667176516154356,iot,1
2024-01-01 04:00:00,Mumbai,IoT_Mumbai_002,0.018276825425497228,-0.004807330391920362,27.464959222048286,128.29757851709422,33.78099606524566,78.0289210608586,0.7097609294693037,0.6338256473988406,iot,1
2024-01-01 04:00:00,Mumbai,IoT_Mumbai_003,0.013848426615238073,-0.0053991391214727605,46.6990648373737,133.71393827702298,34.668414933826654,63.70465195083674,0.49901082267278907,0.5433449958694885,iot,2
2024-01-01 04:00:00,Mumbai,IoT_Mumbai_004,-0.005787264959027594,0.007493742061562402,62.020608445181374,128.46673522542886,20.66258022972746,55.12408449681826,0.6092306240919458,0.9121242815129331,iot,1
2024-01-01 04:00:00,Bengaluru,IoT_Bengaluru_000,-0.007029992876123134,-0.0026307330023360186,65.6831586722624,78.13163751193112,10.335696192867093,66.03820769539129,0.44340168211155867,0.7681975249840425,iot,2
2024-01-01 04:00:00,Bengaluru,IoT_Bengaluru_001,0.0060601102173453575,0.0052885819524488235,69.7794413128896,109.00051374437979,20.053363752503156,61.752723195307226,0.688777903639147,0.5846425834239091,iot,1
2024-01-01 04:00:00,Bengaluru,IoT_Bengaluru_002,0.006665116871561048,-0.01375643501858618,48.83995874657658,93.86378006742368,13.306526954674629,49.96089643697604,0.4572025536023612,0.7895581820850405,iot,1
2024-01-01 04:00:00,Bengaluru,IoT_Bengaluru_003,0.00441917053833198,0.004681034391566173,45.58428495447047,62.11936052225202,26.0000983372972,59.22646982400442,0.3500628539335205,0.787937507836719,iot,2
2024-01-01 04:00:00,Bengaluru,IoT_Bengaluru_004,0.0033419783394261133,0.015565406688557054,76.44455066300341,18.655450388453872,34.09979244302413,68.87319782818369,0.4744019838052328,0.5615081176672445,iot,1
2024-01-01 04:00:00,Chennai,IoT_Chennai_000,-0.00891593216674242,-0.009854641663722056,88.62483754702369,89.0461047645921,21.21020131286219,29.224216855228807,0.889257030903807,0.8173962685848872,iot,1
2024-01-01 04:00:00,Chennai,IoT_Chennai_001,-0.0010439848939878876,0.008411606387167205,98.39377840644624,100.47205406868592,23.498925421836496,62.11351354271907,0.7366751018672923,0.9177265926396385,iot,3
2024-01-01 04:00:00,Chennai,IoT_Chennai_002,0.012286004464510756,-0.006327722070188748,53.71826920097472,88.41301399803818,32.66041922469723,40.752909395960586,0.9639752380889159,0.6593613066414235,iot,2
2024-01-01 04:00:00,Chennai,IoT_Chennai_003,-0.019204819910892363,-0.006613652915210738,50.99415399528985,116.96586789821674,26.657690806584352,37.45163439435215,0.9637500750394374,0.766373853836112,iot,1
2024-01-01 04:00:00,Chennai,IoT_Chennai_004,-0.008685546961658632,0.0012252836737472557,71.11863662730401,89.5827927846519,28.533885385146565,73.6651304827851,0.8458511244531326,0.8450767687602713,iot,2
2024-01-01 04:00:00,Kolkata,IoT_Kolkata_000,0.017502172821587673,0.008610663809434059,82.60134341840148,102.95519921836835,14.284071031239895,44.88361745858926,0.8523540439794006,0.7730922601471805,iot,1
2024-01-01 04:00:00,Kolkata,IoT_Kolkata_001,0.0020156418073583814,-0.011454613332427786,68.33969545852626,127.18461969460569,16.778977779621087,57.75660765829268,0.7769417635919635,0.7666302556674573,iot,1
2024-01-01 04:00:00,Kolkata,IoT_Kolkata_002,-0.009637904699372993,-0.00747912570724818,67.40299489905343,95.39245563377739,9.22801948539198,70.09683818256211,0.7442049786362244,0.9646499144343497,iot,1
2024-01-01 04:00:00,Kolkata,IoT_Kolkata_003,0.012342599373237314,-0.003224203862882463,30.03568490926198,99.20813102723257,32.991124488836185,76.71259418784209,0.9858164607162256,0.8150988184916121,iot,1
2024-01-01 04:00:00,Kolkata,IoT_Kolkata_004,-0.009874040949560153,-0.02325005612535769,76.44848842685803,70.32345650335904,22.993495448968574,54.402894733343395,0.8111670266757216,0.5331353652849864,iot,1
2024-01-01 05:00:00,Delhi,IoT_Delhi_000,-0.020821444639332807,0.005430681598396238,38.226109177907844,142.7655550147266,38.900069862594684,57.48886802062407,0.9785879182743353,0.6662036783643253,iot,1
2024-01-01 05:00:00,Delhi,IoT_Delhi_001,0.0028302725028608484,0.0013288428113787218,46.22091691578633,76.92621385956616,15.885255108282712,59.86292363731233,0.3152960432491471,0.8391232594343135,iot,1
2024-01-01 05:00:00,Delhi,IoT_Delhi_002,-0.008457742242982133,-0.0063890295709799075,47.88354620737512,132.95295143180928,26.311581469054182,77.81040493545586,0.38703745287977387,0.5531397461330378,iot,2
2024-01-01 05:00:00,Delhi,IoT_Delhi_003,0.008596820829175135,-0.005154030202140535,51.16038720866139,109.2508011698874,16.236878475879585,64.08303995530471,0.7130030316400706,0.9600357890201445,iot,1
2024-01-01 05:00:00,Delhi,IoT_Delhi_004,0.0014390777127685683,0.025033011591962865,77.41975301585933,146.60335383585993,23.104604636162104,57.07053728156036,0.6472741250425731,0.929050131558657,iot,1
2024-01-01 05:00:00,Mumbai,IoT_Mumbai_000,-0.009416960874785002,0.01024152736337711,33.38489994939104,86.24977859669859,19.364397650822685,46.31802200133467,0.9004472857884507,0.9952493898475434,iot,1
2024-01-01 05:00:00,Mumbai,IoT_Mumbai_001,0.0025905795089158612,0.008489765514729708,66.41793003869874,129.40661520595484,26.542734055351005,53.166792066531485,0.8171975331966199,0.9820296887604589,iot,1
2024-01-01 05:00:00,Mumbai,IoT_Mumbai_002,0.0072456599735633755,-0.025137630596576383,64.59605428184388,111.14120229179935,18.75955946347403,49.20707068999569,0.8840044415833639,0.9416980745506558,iot,1
2024-01-01 05:00:00,Mumbai,IoT_Mumbai_003,0.014137177451721914,0.0037726452749632477,19.32086314800455,55.628461405320046,29.748740399080535,70.13288288148135,0.7148368421935709,0.6664357528247693,iot,1
2024-01-01 05:00:00,Mumbai,IoT_Mumbai_004,0.00726750426038007,0.0069964768360176385,55.286236175961896,127.72519188239386,30.843558206033983,46.88008883296824,0.6032416827596825,0.8465258141534737,iot,1
2024-01-01 05:00:00,Bengaluru,IoT_Bengaluru_000,-0.003929731978169486,-0.014432387431961147,43.785577349194725,72.51492063344858,6.322014878719759,52.01131215287981,0.4441665021808434,0.5235705022332209,iot,1
2024-01-01 05:00:00,Bengaluru,IoT_Bengaluru_001,0.010149551098622199,-0.014753223288755453,67.05380638451335,42.942428111323046,29.66126131585883,28.488734121052374,0.7522437291546378,0.9320008462292422,iot,1
2024-01-01 05:00:00,Bengaluru,IoT_Bengaluru_002,-0.00272090743372783,0.00778536700331976,48.57631313207746,46.38284992314872,27.2644874587845,66.93088635741682,0.34814705407076196,0.6957454895702274,iot,1
2024-01-01 05:00:00,Bengaluru,IoT_Bengaluru_003,0.0015702499978092585,-0.012955719329596705,49.65094126979353,22.28557104408617,24.421616800001367,68.09156356851753,0.9140146286334454,0.8779767670366825,iot,1
2024-01-01 05:00:00,Bengaluru,IoT_Bengaluru_004,0.003126264868774189,-0.019513252911751502,12.546155525988063,98.97750694356307,20.716302687923648,67.1369722284964,0.9602464616596029,0.9061717939290357,iot,1
2024-01-01 05:00:00,Chennai,IoT_Chennai_000,-0.005790449846741348,0.005003539963876479,70.5164653826627,123.36680544621275,12.721304725805057,57.43722217704037,0.603009081296429,0.502624627744015,iot,1
2024-01-01 05:00:00,Chennai,IoT_Chennai_001,-0.019259388044350907,0.01796448654547026,52.81836189891284,82.87057824442114,27.937373833621876,39.701291691811946,0.9668395676503927,0.7448970595693616,iot,1
2024-01-01 05:00:00,Chennai,IoT_Chennai_002,0.006166468826747213,0.0023822409008298242,59.01363331658791,29.453570823399858,18.800536796681325,51.145257571446734,0.7979483169013348,0.9149886924059618,iot,1
2024-01-01 05:00:00,Chennai,IoT_Chennai_003,0.0022090425351100396,0.010399673855877043,40.0079271169988,117.490705067404,31.4301850795368,43.138871497807024,0.38429330732249317,0.8706194977407697,iot,1
2024-01-01 05:00:00,Chennai,IoT_Chennai_004,-0.004881676718484296,0.00977394039406175,27.78179969925904,136.60486535903692,30.477246472974677,37.59246899526097,0.40989347826423045,0.8724335488918495,iot,1
2024-01-01 05:00:00,Kolkata,IoT_Kolkata_000,-0.005244524999981102,0.006961512744551331,46.13158632999144,136.4745485459092,30.946893482464084,43.0837283036751,0.36677921429515514,0.5324940225441481,iot,2
2024-01-01 05:00:00,Kolkata,IoT_Kolkata_001,0.009876447222472556,-0.0022548030714533295,51.1213655628149,92.837744933292,18.909816052647507,66.9083817317179,0.7745289260901522,0.7628262962532493,iot,1
2024-01-01 05:00:00,Kolkata,IoT_Kolkata_002,0.011836003455599388,-0.005428143253471485,58.51414150923245,76.44891693241638,32.41929221536583,91.17475738849083,0.6004479967620489,0.9911050506189,iot,2
2024-01-01 05:00:00,Kolkata,IoT_Kolkata_003,0.004839139759446288,0.005154076342824674,66.06043857905007,107.6638540751436,12.682425953409297,65.63646765846471,0.7502537351390992,0.8697186000800508,iot,1
2024-01-01 05:00:00,Kolkata,IoT_Kolkata_004,-0.009966515091031344,-0.010690869335957216,86.45714308489022,74.52178029730132,26.938937980852522,35.59774950697903,0.4967543327508048,0.7502553595094549,iot,1
2024-01-01 06:00:00,Delhi,IoT_Delhi_000,0.018514061627975628,0.004079911892138135,24.191639861105656,59.801087824826446,21.261831103624257,53.65718013170086,0.9460576678880042,0.5104782716265566,iot,1
2024-01-01 06:00:00,Delhi,IoT_Delhi_001,0.010520584504738431,-0.017987021599075285,59.928680683509896,93.31546521632809,22.97631600400675,57.38940567004645,0.8558664168390886,0.9680004713427932,iot,1
2024-01-01 06:00:00,Delhi,IoT_Delhi_002,0.003367954105004624,-0.0009422055988366865,44.68697373800405,125.90447650235777,34.94143053032209,62.62056195718438,0.8449674059786916,0.8924417967358178,iot,2
2024-01-01 06:00:00,Delhi,IoT_Delhi_003,-0.015227178789895506,0.001274695510529349,71.9655707957414,65.9703426743963,8.794043904243548,56.83294249815053,0.4026244373477629,0.7754820858346865,iot,2
2024-01-01 06:00:00,Delhi,IoT_Delhi_004,0.00389104110609839,-0.009698148290514944,40.305678263142354,84.94355396127455,23.986513467019083,45.77026812477459,0.8743880342458819,0.9377783450588397,iot,2
2024-01-01 06:00:00,Mumbai,IoT_Mumbai_000,-0.0015908085901688302,-0.0074755847523583245,61.7741675861948,108.35742337623823,34.138801586522014,40.71412077106009,0.4671656714579988,0.9494051934090136,iot,3
2024-01-01 06:00:00,Mumbai,IoT_Mumbai_001,-0.0026839401597196187,-0.0026939957810537493,41.955490600583275,37.58512922281356,30.927206158586383,82.56893909935968,0.6197688827731151,0.744311741853103,iot,1
2024-01-01 06:00:00,Mumbai,IoT_Mumbai_002,-0.004263646982858805,-0.024938991431559688,53.370361665055064,147.3060139284209,23.68449169115052,75.22851555187754,0.6441796966409559,0.9491514680363898,iot,1
2024-01-01 06:00:00,Mumbai,IoT_Mumbai_003,-0.0026339229280305633,-0.0021712354507350973,25.306784272334497,95.3003315170707,27.52962511282389,74.32030194668084,0.3417811805460324,0.9384881251736793,iot,2
2024-01-01 06:00:00,Mumbai,IoT_Mumbai_004,-3.9277341414827626e-05,-0.004031137004414782,56.11147522743802,116.03001725539221,20.68693645448251,55.08921378986024,0.4955169417584163,0.5662594548741959,iot,1
2024-01-01 06:00:00,Bengaluru,IoT_Bengaluru_000,0.0026100263715441415,-0.006245272576935063,57.88379030685475,98.7497364384958,19.165185535610476,64.41049491234033,0.36679066565689455,0.7147149010520006,iot,1
2024-01-01 06:00:00,Bengaluru,IoT_Bengaluru_001,0.011607375155987866,-0.004277640024236264,45.48854820967638,132.833386816781,20.301394526371844,55.77721327298889,0.996836120036704,0.897801169217141,iot,1
2024-01-01 06:00:00,Bengaluru,IoT_Bengaluru_002,-0.012152319898037467,0.010467476996478748,65.71462595673584,54.81785536383072,25.40945177382353,65.56197273277688,0.37966262823287283,0.8164322562300441,iot,2
2024-01-01 06:00:00,Bengaluru,IoT_Bengaluru_003,0.0030955363689925183,-0.004508704894346594,48.873173980129096,91.23995891478444,25.718385272090416,35.39457880017133,0.774728948076589,0.9717928154856389,iot,1
2024-01-01 06:00:00,Bengaluru,IoT_Bengaluru_004,0.0078113812791325,0.0031610872751583175,59.95691333648717,98.98587121777398,19.05972719901827,48.96735350173394,0.512479405070224,0.7268686955437833,iot,1
2024-01-01 06:00:00,Chennai,IoT_Chennai_000,-0.004406435673937343,-0.009303016978969264,65.07454636380395,122.30704519728475,14.446601636416183,57.974908812819145,0.8176088613372552,0.8224195327936764,iot,1
2024-01-01 06:00:00,Chennai,IoT_Chennai_001,-0.009560573403355841,0.009540766156102805,65.0691012145663,103.86251224043299,24.793783511259946,51.942985942027335,0.8919397389139596,0.6861223196227353,iot,1
2024-01-01 06:00:00,Chennai,IoT_Chennai_002,0.007415290230076102,-0.013361907581037464,36.30756858714796,151.78913683271188,27.972147137558135,82.02442683139138,0.5636460449634719,0.5388039116589098,iot,1
2024-01-01 06:00:00,Chennai,IoT_Chennai_003,0.011118525158449603,-0.005831261243348433,41.95948279222414,47.01606426670445,20.66054412313417,75.88163622575595,0.376642312779883,0.9646960555314759,iot,1
2024-01-01 06:00:00,Chennai,IoT_Chennai_004,7.647543100179129e-05,-0.004203603317956807,35.35362868042455,71.85378069212003,28.787178419025498,82.90321313376681,0.8634713855620584,0.9464427770456445,iot,1
2024-01-01 06:00:00,Kolkata,IoT_Kolkata_000,0.0005390168330498385,0.004893692332706736,62.06278797332019,63.41740144080476,10.528737244973735,61.38684292098793,0.5017001536822474,0.9023691034734758,iot,2
2024-01-01 06:00:00,Kolkata,IoT_Kolkata_001,0.00029042420028094424,-0.0004894440548236951,63.252231886812375,103.48983637660919,20.64690741781079,65.46449688970655,0.8013596054391003,0.7444756817851381,iot,1
2024-01-01 06:00:00,Kolkata,IoT_Kolkata_002,-0.024922645063443768,0.01363727781313169,76.24690863297016,127.56937519443801,42.367624902738854,64.78145137440954,0.6415865090268826,0.7703184303171884,iot,1
2024-01-01 06:00:00,Kolkata,IoT_Kolkata_003,0.010828681553472719,-0.008824969146363161,62.57375245473146,54.75450206183428,26.29833424095688,77.96043657617705,0.6831435254905596,0.6100767093165591,iot,3
2024-01-01 06:00:00,Kolkata,IoT_Kolkata_004,-0.014532214212287998,-0.004887477248586829,59.20245902671439,19.29834793483579,23.780927907294767,55.44362982033818,0.983401411497909,0.6490274715827156,iot,1
2024-01-01 07:00:00,Delhi,IoT_Delhi_000,-0.004352570115418113,0.017057752849086165,75.32927918274689,77.41978997288892,13.573065855962339,71.95322666782032,0.8965726469341533,0.9172648896862394,iot,2
2024-01-01 07:00:00,Delhi,IoT_Delhi_001,-0.02323965660846573,-0.01751428801599733,43.79467956600624,116.59990689619113,26.431934171249605,45.795283093084585,0.6470844163557805,0.9090015762870435,iot,1
2024-01-01 07:00:00,Delhi,IoT_Delhi_002,0.01949070450496801,0.00809773464910642,80.6126870313119,75.88730652649335,5.153214997957136,40.24542395717419,0.8885931872182913,0.8380680032375898,iot,1
2024-01-01 07:00:00,Delhi,IoT_Delhi_003,-0.00887081472431264,0.012440427917775278,47.920000190059504,28.893699666026656,13.335504259258775,43.954592427596054,0.5996023514263051,0.9015777525084007,iot,1
2024-01-01 07:00:00,Delhi,IoT_Delhi_004,-0.0016140932280175036,0.0011789271247056765,76.75255141379378,112.68665284059198,17.633457607724143,40.16999923394168,0.6083630291372211,0.8444999934865813,iot,1
2024-01-01 07:00:00,Mumbai,IoT_Mumbai_000,-0.021903702765016013,0.0074682577501548756,43.87847269731621,139.1546390760481,36.541982933235616,68.13397935926851,0.779713340731109,0.5296033778079562,iot,1
2024-01-01 07:00:00,Mumbai,IoT_Mumbai_001,-0.016536972812418657,-0.00660317031628246,37.55023832400594,81.43578648228734,20.236971930642504,77.92385486919144,0.8272164714596082,0.8494485756540822,iot,2
2024-01-01 07:00:00,Mumbai,IoT_Mumbai_002,0.009921903484811886,0.0028726223657820453,64.71366643294493,19.674983168137715,21.078860377121057,67.91408138066905,0.8282637466052134,0.540074884711039,iot,1
2024-01-01 07:00:00,Mumbai,IoT_Mumbai_003,0.01091670643227476,-0.004115906677950625,52.68684808795446,101.77020395012124,21.85158046675931,51.62486757140309,0.3653905574014241,0.858801358782148,iot,1
2024-01-01 07:00:00,Mumbai,IoT_Mumbai_004,-0.01614525379528758,0.0016881658399119709,36.87941362010146,100.91861386075256,34.425894926865595,53.490399176618354,0.6677038734014942,0.9807220389118869,iot,2
2024-01-01 07:00:00,Bengaluru,IoT_Bengaluru_000,0.007997724026750211,-0.0103346162835646,34.44461652757475,129.40746368599295,18.80886310194742,80.41118472419896,0.42598729393326973,0.830611764617911,iot,1
2024-01-01 07:00:00,Bengaluru,IoT_Bengaluru_001,-0.003911903472608707,0.00020318487095379555,105.2801756056829,28.573589500581647,18.943772374111056,62.234853111565855,0.3277589079936073,0.7845631352131954,iot,2
2024-01-01 07:00:00,Bengaluru,IoT_Bengaluru_002,-0.006637155080419141,-0.006201934214687007,53.74201131271316,42.83120718529658,24.20285139347561,75.26217427178752,0.9207864137639521,0.9591718370702764,iot,1
2024-01-01 07:00:00,Bengaluru,IoT_Bengaluru_003,-0.012180290031760506,0.007452461835083614,57.70581219329065,83.70835837837393,22.4570192551986,44.80786100340056,0.49584151264479603,0.9766410713455731,iot,2
2024-01-01 07:00:00,Bengaluru,IoT_Bengaluru_004,0.0008441524394197658,0.007291701582867996,70.7349713645945,107.70939761694885,14.209199462821758,65.81599655478789,0.6159783584385577,0.5956274930233285,iot,1
2024-01-01 07:00:00,Chennai,IoT_Chennai_000,-0.015076656824421006,-0.0025458276859508136,83.51961994597556,50.74651971320101,28.905115873165077,78.44629304006239,0.44584158551549236,0.7484107343034736,iot,2
2024-01-01 07:00:00,Chennai,IoT_Chennai_001,-0.004873253517915926,-0.00931842038832967,64.89865514999022,74.72609136213899,24.145918375082783,70.92202939233789,0.9583624787670928,0.8267664003740192,iot,1
2024-01-01 07:00:00,Chennai,IoT_Chennai_002,-0.03938250459039392,-0.011784794542225386,88.48462436091567,84.57041379221273,27.8264808761132,49.85818098918289,0.9560256781586636,0.9597560789785079,iot,2
2024-01-01 07:00:00,Chennai,IoT_Chennai_003,0.0029797168362555495,0.01609819676496217,46.326039158170204,66.72871729422181,26.69034464149643,62.70197224573799,0.8411052743548348,0.6177266114834916,iot,2
2024-01-01 07:00:00,Chennai,IoT_Chennai_004,0.015606481093115255,-0.009067005423988037,59.33276967757665,107.78316502057923,14.869250133687128,55.57736546543673,0.7585418891191922,0.7083684081040114,iot,2
2024-01-01 07:00:00,Kolkata,IoT_Kolkata_000,-0.00040050390268729267,-0.017934659042905966,22.018221221391705,79.94623586434052,43.886847306949946,39.6424959556543,0.6732538323939761,0.8153142813843464,iot,1
2024-01-01 07:00:00,Kolkata,IoT_Kolkata_001,-0.001860352515089855,0.01558779711689142,80.99254815447537,79.06120168848213,20.04463638646384,58.38457303081271,0.8846986512678687,0.5540388835547533,iot,2
2024-01-01 07:00:00,Kolkata,IoT_Kolkata_002,0.0023200102672119123,0.026961601133916106,42.561500889552626,135.31009574837296,30.884150985827844,92.33905441155818,0.4860387516768803,0.9175339847272244,iot,1
2024-01-01 07:00:00,Kolkata,IoT_Kolkata_003,-0.007321900788995294,0.0005789537161329294,76.05078819274368,106.86813278027063,20.86148998667982,54.44346242344452,0.8588425336745691,0.8154639757934103,iot,1
2024-01-01 07:00:00,Kolkata,IoT_Kolkata_004,0.018272300303944923,-0.008850921416519062,61.27755412540801,109.06924570896929,15.486548651643904,71.3284717904431,0.5224696011680183,0.5941845566185732,iot,3
2024-01-01 08:00:00,Delhi,IoT_Delhi_000,-0.013766275404701211,-0.025703546152509343,48.302757368125874,45.7355998041972,30.020249415886116,79.63219324241064,0.7830001401146807,0.5645217356911838,iot,1
2024-01-01 08:00:00,Delhi,IoT_Delhi_001,-0.0012274564235633502,-0.012525974299374075,45.64552011001162,73.78754078271908,21.470955978774782,40.602749324492464,0.3915656877002014,0.5935356180872753,iot,3
2024-01-01 08:00:00,Delhi,IoT_Delhi_002,-0.015922271140629322,-0.004116707603188511,43.16838354066432,76.07266113964464,25.344074185933962,50.824648215771504,0.6375205642334789,0.6756438910575844,iot,1
2024-01-01 08:00:00,Delhi,IoT_Delhi_003,0.00476506091184782,0.013686473935229836,70.59988253513728,121.22100083839163,19.45774535096893,89.17143815249472,0.956632810523705,0.9795352905824335,iot,2
2024-01-01 08:00:00,Delhi,IoT_Delhi_004,-0.005811868269673116,-0.0033237041848143056,26.133553086612785,116.71182281063493,36.23294669923496,63.9601300901662,0.39865475513457366,0.7127683688382005,iot,1
2024-01-01 08:00:00,Mumbai,IoT_Mumbai_000,0.010235180678507757,-0.005876367860897479,87.13503572099789,100.53405125082004,26.6163895938323,54.75957521760787,0.9357288650776912,0.7598328973297956,iot,2
2024-01-01 08:00:00,Mumbai,IoT_Mumbai_001,-0.006143321795278518,-0.009503843721347471,83.4194572836411,108.73382240106297,12.48305635476024,58.87785818969357,0.4229687278984303,0.9752827845450995,iot,1
2024-01-01 08:00:00,Mumbai,IoT_Mumbai_002,-0.0013148557073386167,0.011705058196926663,45.046864454497985,139.2089357774114,32.0490754264786,58.95487013087326,0.6159166180055125,0.9553951631330564,iot,1
2024-01-01 08:00:00,Mumbai,IoT_Mumbai_003,-0.004873719723019307,-0.011484591151828984,68.23282354215654,60.053035000815775,27.95808895694224,72.16347210534214,0.6087655479858627,0.8280602985424944,iot,1
2024-01-01 08:00:00,Mumbai,IoT_Mumbai_004,0.009753839537389761,0.004627828156086397,66.02349990965975,72.67883682428732,20.607860056717602,71.14100688747584,0.9122198265957024,0.8920657138261165,iot,1
2024-01-01 08:00:00,Bengaluru,IoT_Bengaluru_000,-0.006052307105475039,-0.00036550681396749603,44.019290245676856,79.30276013566528,27.241108618720993,58.86044525180042,0.8440020136582853,0.7247818355026814,iot,1
2024-01-01 08:00:00,Bengaluru,IoT_Bengaluru_001,0.012174211915526536,0.006279611738652458,108.06118144548134,67.27401334525959,18.57768805434679,79.7383281545861,0.9051763396708576,0.5893390893459827,iot,1
2024-01-01 08:00:00,Bengaluru,IoT_Bengaluru_002,0.0005890195142790547,0.006279443942988083,58.53001425861883,68.58790015999047,17.537814245688605,61.7392285743226,0.7948813759706428,0.7630985344865485,iot,1
2024-01-01 08:00:00,Bengaluru,IoT_Bengaluru_003,0.012167769314247756,0.014387285363427427,51.195334020786156,37.756424929912846,23.010880996875603,55.119753592893325,0.9000615747433689,0.6597634245812696,iot,1
2024-01-01 08:00:00,Bengaluru,IoT_Bengaluru_004,0.005531037463493879,0.006888988483375797,80.54390622745643,102.13744321787676,21.842052532266504,34.47842674541189,0.6167108433632031,0.571504338814157,iot,3
2024-01-01 08:00:00,Chennai,IoT_Chennai_000,0.015515766439051717,-0.01726015530279518,60.12489568613258,84.66835281742263,15.837558005449822,81.73461989140378,0.6825806086284025,0.9224866536518255,iot,2
2024-01-01 08:00:00,Chennai,IoT_Chennai_001,-0.008560665768307761,-0.004353905317905688,72.03255838710061,148.16529659815924,29.34068224066068,52.125102214470864,0.5650815893046035,0.8872968431880932,iot,1
2024-01-01 08:00:00,Chennai,IoT_Chennai_002,-0.015809144243542638,0.009095580316950047,64.8949459406887,60.828809591395206,19.53061071198392,48.37100150117235,0.7381509422988894,0.5180193175153003,iot,1
2024-01-01 08:00:00,Chennai,IoT_Chennai_003,0.00605998027816502,-0.006281312775383344,56.82336532482378,90.04795093699975,19.632750738021187,61.23784976779065,0.9801516650256834,0.848788970106043,iot,2
2024-01-01 08:00:00,Chennai,IoT_Chennai_004,0.011305559580571969,-0.0018119931359075368,65.17253760441113,76.53230570913473,29.150486866958015,67.06284910069243,0.8492557850821594,0.5921720730988157,iot,2
2024-01-01 08:00:00,Kolkata,IoT_Kolkata_000,0.0027268917762089816,0.00970975930766938,33.78246897771004,109.18619695465614,27.79018648907876,40.35613576428244,0.3536372381617169,0.8511010282759692,iot,1
2024-01-01 08:00:00,Kolkata,IoT_Kolkata_001,-0.00845034275167749,0.0074911364848241745,67.91480330325149,99.04187045110257,13.378372682727948,60.38023950440224,0.9963923423976293,0.7232720538327679,iot,1
2024-01-01 08:00:00,Kolkata,IoT_Kolkata_002,-0.002161887840676978,0.017584569959211913,34.05774551124347,83.1811612830364,20.65336040984413,87.67831728178635,0.9654016923869619,0.9401635371464698,iot,2
2024-01-01 08:00:00,Kolkata,IoT_Kolkata_003,0.023531716960505936,0.000300761323845306,88.84406687193362,49.83279674218899,13.436538741604183,46.65486909745929,0.3132734067100534,0.6876173610616112,iot,1
2024-01-01 08:00:00,Kolkata,IoT_Kolkata_004,-0.00017350237853021164,0.008523007007121823,47.88063672480084,85.0008671893804,23.008413938392042,72.44986507277393,0.9456740609880827,0.7541664595948441,iot,1
2024-01-01 09:00:00,Delhi,IoT_Delhi_000,-0.005463568592200675,-0.0047191464313447356,60.36140201577044,90.1473460923458,17.755528451134627,75.50327639091523,0.9932308848306068,0.8894281992407582,iot,1
2024-01-01 09:00:00,Delhi,IoT_Delhi_001,-0.008751051514008882,0.0053816169149600345,56.51574301235744,86.87964214836015,30.45645058384246,30.079906669406242,0.3018682665505723,0.9799219322407042,iot,2
2024-01-01 09:00:00,Delhi,IoT_Delhi_002,0.0015453422536377821,0.01642790462584617,81.33944937671129,56.443317651354114,32.575694044054444,63.77238971978258,0.3822095816996929,0.5154188005755562,iot,1
2024-01-01 09:00:00,Delhi,IoT_Delhi_003,0.008888615714187262,0.003637804430555205,55.3899564764682,110.44985815181288,39.282752410123436,47.39643045720767,0.7830669006411584,0.526435912061807,iot,1
2024-01-01 09:00:00,Delhi,IoT_Delhi_004,0.00023767544463829422,-0.016373657175911584,89.19165872478948,57.73814937192008,22.484982804731484,58.05633963938044,0.6612095528205943,0.8526027000790775,iot,1
2024-01-01 09:00:00,Mumbai,IoT_Mumbai_000,0.014634562535501968,0.002070335708386165,68.06646591056892,87.61447334686551,14.877196975302812,48.834462058204814,0.9549085520438658,0.6721663806665819,iot,1
2024-01-01 09:00:00,Mumbai,IoT_Mumbai_001,0.006137956664527507,0.011104602692474439,63.79729442748462,85.40406438318125,14.462903627544657,59.541151255719825,0.9919149321546898,0.9726506983011431,iot,1
2024-01-01 09:00:00,Mumbai,IoT_Mumbai_002,0.015080610564999613,-0.02099611580166256,56.215997994171225,128.22885926487942,12.005560966137677,30.14098971750683,0.9179608207632324,0.9888094553535004,iot,1
2024-01-01 09:00:00,Mumbai,IoT_Mumbai_003,0.00028467281504395147,0.009209119249678765,59.42495613854441,99.21149633342662,15.078739662548818,44.54183227919016,0.46891714729370115,0.6196143159083201,iot,2
2024-01-01 09:00:00,Mumbai,IoT_Mumbai_004,-0.009045364716346403,0.0022992454786232696,38.041918775949625,110.0338705544123,31.138611117241794,57.81264077531576,0.9299133588014794,0.8285412624032289,iot,3
2024-01-01 09:00:00,Bengaluru,IoT_Bengaluru_000,-0.0075773953555954175,-0.00595185833117531,71.63266540203026,5.365777827274698,15.51944350516923,71.69167630407576,0.5710208850139362,0.6167962782189728,iot,1
2024-01-01 09:00:00,Bengaluru,IoT_Bengaluru_001,0.018815411690508405,-0.0007710300670797064,64.98209867764595,96.54478092954119,30.234579050639667,21.335016343713136,0.777938450228678,0.779224352769762,iot,3
2024-01-01 09:00:00,Bengaluru,IoT_Bengaluru_002,-0.013309332946738542,0.012158539698844789,54.590885198133,72.32372207062573,38.82930589072113,56.372728279538855,0.7092387719275643,0.9234630040168864,iot,1
2024-01-01 09:00:00,Bengaluru,IoT_Bengaluru_003,0.010330927039054675,0.011661005712231635,110.09275273179843,79.8606738545669,16.121813686074823,64.42130781004475,0.7341206388888313,0.7877620153070997,iot,1
2024-01-01 09:00:00,Bengaluru,IoT_Bengaluru_004,-0.0016831916821514715,-0.003490611373353658,53.89733327174566,66.0947634178269,25.242071265860584,68.6705266379594,0.9011992123935524,0.8024193640533781,iot,2
2024-01-01 09:00:00,Chennai,IoT_Chennai_000,0.017183895717149705,0.002980654405991268,72.14212626086439,120.66203507608493,29.31605959936403,68.20641695804059,0.6427398578451422,0.6109241480911252,iot,1
2024-01-01 09:00:00,Chennai,IoT_Chennai_001,-0.001972808374519775,-0.008845024263515687,52.52933734400742,103.46693054066925,25.776944593682547,65.15775475480798,0.3155234980840369,0.6616807520967622,iot,2
2024-01-01 09:00:00,Chennai,IoT_Chennai_002,0.012643197412957557,-0.01261471612671923,68.173087673771,49.767112040014915,13.19731964494789,72.26758082904311,0.43651954444727536,0.5051821088537876,iot,2
2024-01-01 09:00:00,Chennai,IoT_Chennai_003,0.001894767242922853,0.00898808019863657,28.4316646510262,102.26183386415597,24.866247063537298,75.18270065144601,0.7711143681169697,0.7895436008911265,iot,3
2024-01-01 09:00:00,Chennai,IoT_Chennai_004,-0.0037826234931870885,-0.004117289430757079,40.330000504222255,80.84832379210326,28.095753300801732,56.96406422802575,0.34858403861472476,0.9573172874697325,iot,1
2024-01-01 09:00:00,Kolkata,IoT_Kolkata_000,0.013821944730205883,0.00603684075124353,76.54943903523025,54.342170165843136,12.129965781846577,26.181282039268844,0.42043364584103793,0.6549694276169112,iot,3
2024-01-01 09:00:00,Kolkata,IoT_Kolkata_001,-0.008699622395718164,-0.02805890157859655,50.1197733684167,96.77180218879359,27.59672376895227,66.25618759513608,0.4286795120451942,0.8548178336736523,iot,2
2024-01-01 09:00:00,Kolkata,IoT_Kolkata_002,-0.004397889091232173,0.0016398184613536154,76.24604785417286,80.88907374952548,16.737542291511023,50.671248056719364,0.9372296328834238,0.7187959575640779,iot,1
2024-01-01 09:00:00,Kolkata,IoT_Kolkata_003,-0.00406705272783195,0.0003491244300330848,50.69359200151518,104.81892763095621,17.78890022197863,65.10029892694662,0.38098538620087,0.5616574460018786,iot,1
2024-01-01 09:00:00,Kolkata,IoT_Kolkata_004,0.00565779869495447,-0.0033716335303007844,9.985589024331894,102.08516700269728,31.877626144330954,54.39375282964908,0.934169403905929,0.9418049054664996,iot,1
2024-01-01 10:00:00,Delhi,IoT_Delhi_000,-0.004621631412103378,-0.0076931295452967955,80.84926191900237,142.82792093954328,29.55493470913703,68.38770235722804,0.7833222958769218,0.5952141319861686,iot,2
2024-01-01 10:00:00,Delhi,IoT_Delhi_001,-0.013308573598074866,-0.006254564054253473,110.44200166853236,125.34449638191464,13.768737707196902,71.09503457630646,0.8820033865102963,0.790751981558468,iot,1
2024-01-01 10:00:00,Delhi,IoT_Delhi_002,0.0006414815649312379,0.004840932996149918,78.19397967098271,86.04223128942012,27.030615541767276,48.458390555999216,0.8784614743831207,0.8014266171932697,iot,2
2024-01-01 10:00:00,Delhi,IoT_Delhi_003,-0.0045990004068319455,-0.0031063134852479263,78.3081031432867,92.48857185594294,31.747833569510526,92.07028845013694,0.9215801883714112,0.660906854943919,iot,1
2024-01-01 10:00:00,Delhi,IoT_Delhi_004,-0.010473977133412977,-0.0033001544745216616,40.734990420444035,80.81968532482877,39.41425539884051,89.78434214907597,0.7404824659429945,0.855151403791641,iot,2
2024-01-01 10:00:00,Mumbai,IoT_Mumbai_000,0.008268276194372285,0.0019511091987270569,46.99093082128801,127.91743231809971,16.799009430029294,73.15102466624514,0.45367627205677585,0.5725508447131447,iot,1
2024-01-01 10:00:00,Mumbai,IoT_Mumbai_001,0.011325501003068486,0.007630443162139121,77.82716627280686,142.7027360674455,28.07939223894616,68.48518787599096,0.6759836046847977,0.9267275804717423,iot,1
2024-01-01 10:00:00,Mumbai,IoT_Mumbai_002,0.005832812105732138,0.01780771685535865,58.61859823313604,63.691887266749646,24.346657784081067,53.191512677912655,0.3455698255723323,0.980341887384654,iot,1
2024-01-01 10:00:00,Mumbai,IoT_Mumbai_003,0.008065676630156988,0.0018081676401526465,97.61856994389333,95.45640549197942,38.0796301958579,68.08809285147872,0.5811955432369469,0.7296072188526614,iot,2
2024-01-01 10:00:00,Mumbai,IoT_Mumbai_004,0.008713073649375916,-0.011140721343251583,47.11367072485708,85.14511056147023,28.408771675814126,50.8984232668967,0.5141385593221811,0.7873823440368184,iot,1
2024-01-01 10:00:00,Bengaluru,IoT_Bengaluru_000,-0.01355885697211028,-0.0013523856682890485,57.75609409425506,81.0721066858109,13.830510681019021,75.22513272473364,0.8454169692919675,0.5019447345100359,iot,1
2024-01-01 10:00:00,Bengaluru,IoT_Bengaluru_001,-0.011500968960089116,-0.00621779886017842,77.61603280611146,57.65795701926018,18.821457564861937,93.8029414376503,0.9574787687377728,0.6031752101209015,iot,1
2024-01-01 10:00:00,Bengaluru,IoT_Bengaluru_002,-0.004439301612023364,0.014943001375008971,60.35420766051417,93.55413897292992,25.566236419121488,50.2367622020003,0.30577352458528007,0.8669876912582043,iot,1
2024-01-01 10:00:00,Bengaluru,IoT_Bengaluru_003,-0.025054766738074895,0.012326431919084042,57.110226086764854,24.054411417977022,33.702387022479535,66.9374338818023,0.7031411905151264,0.5337214281084857,iot,1
2024-01-01 10:00:00,Bengaluru,IoT_Bengaluru_004,-0.0004241321605567528,0.0024688193932242662,23.121634135227815,42.924828391532174,32.34417278706314,67.55891010076792,0.6109121627652021,0.7722118870655168,iot,1
2024-01-01 10:00:00,Chennai,IoT_Chennai_000,0.007234896298279435,0.017009903346220122,61.38709750052698,162.19849198958212,41.642638972054094,56.52623124355131,0.8858432788302986,0.6553120022916377,iot,1
2024-01-01 10:00:00,Chennai,IoT_Chennai_001,-0.02262941676635947,0.016196965344269797,75.28254128576629,95.63928406311099,22.480496697233047,60.51947483527814,0.5402572753085516,0.6922753453004785,iot,2
2024-01-01 10:00:00,Chennai,IoT_Chennai_002,0.018285826306505215,-0.005386345303789792,21.10460643754601,117.62677843708674,22.808238300035203,52.34465510200156,0.9154364561365083,0.6132928583698907,iot,1
2024-01-01 10:00:00,Chennai,IoT_Chennai_003,-0.012078379965887879,-0.00924474582538798,48.417296569183605,114.34755270716124,14.606366938542408,52.620526866759846,0.777016842497124,0.7251376138251338,iot,2
2024-01-01 10:00:00,Chennai,IoT_Chennai_004,-0.0012867214561392759,0.0059458520330761865,94.71300263720389,75.2653327785562,22.359414302221058,70.11359979408441,0.4130153789191885,0.9975661153983032,iot,1
2024-01-01 10:00:00,Kolkata,IoT_Kolkata_000,0.010529224085848094,0.009710273815905014,58.18453662677769,104.48680774136743,25.500540684410982,59.67959333142727,0.6852834951663431,0.8174026793217353,iot,3
2024-01-01 10:00:00,Kolkata,IoT_Kolkata_001,-0.01597768706327532,-0.0037136375305844406,50.81978587472316,86.57207492607009,16.59559114172557,21.874558747012543,0.8265995869216352,0.5746291501769791,iot,1
2024-01-01 10:00:00,Kolkata,IoT_Kolkata_002,-0.0015845489059787483,0.001135806641159429,39.82542590671089,81.06459078040423,13.558110859806318,97.698429601148,0.9870669796130467,0.709275793548848,iot,1
2024-01-01 10:00:00,Kolkata,IoT_Kolkata_003,0.014588964879880213,-0.00883669759353954,65.23493270310325,30.753167029634817,11.071859580998773,85.39597849052267,0.8911809981092853,0.6025887882675831,iot,2
2024-01-01 10:00:00,Kolkata,IoT_Kolkata_004,0.001310855369822432,-0.005461927518861838,84.29559646562956,132.19821152359796,-0.5446390396214049,67.97367224844832,0.8603007581049493,0.5601618200744427,iot,1
2024-01-01 11:00:00,Delhi,IoT_Delhi_000,0.011135630352790174,0.010622231610283583,57.31096065881842,119.01631157379157,35.705425417160946,58.930759953245285,0.49275944960300266,0.9468222433152402,iot,1
2024-01-01 11:00:00,Delhi,IoT_Delhi_001,-0.01641278074452725,-0.011758509937737699,40.30951937545065,94.0242459806721,29.97540412034105,74.16025743900575,0.62383046282791,0.7405287299874932,iot,1
2024-01-01 11:00:00,Delhi,IoT_Delhi_002,-0.0008604728142850372,-0.00299725498033748,88.65524123541897,90.33282072255058,16.55979125258826,75.408136123097,0.6143565448712174,0.7727742714976397,iot,1
2024-01-01 11:00:00,Delhi,IoT_Delhi_003,-0.005983744569380196,-0.006005189981520026,55.75169668082462,73.25816483622222,23.635563148209098,82.75468458055201,0.8290087353142113,0.6986208234394258,iot,3
2024-01-01 11:00:00,Delhi,IoT_Delhi_004,0.002622393207823566,-0.015378893138332359,93.15463197978764,141.1463621406908,26.15738684327131,68.5473410215059,0.7474675984885364,0.8426569182814438,iot,1
2024-01-01 11:00:00,Mumbai,IoT_Mumbai_000,-0.011219355999495953,-0.0035197845062902443,29.15018924568095,58.014855174647366,27.223513259157592,69.0040374066476,0.8231696795548265,0.5025505629072629,iot,1
2024-01-01 11:00:00,Mumbai,IoT_Mumbai_001,-0.011835019966964662,-0.004801170245358189,39.1815718544226,97.75946204586914,22.942144439747786,70.91460741504267,0.9958707718433675,0.8558638660147714,iot,2
2024-01-01 11:00:00,Mumbai,IoT_Mumbai_002,-0.005255298218416763,-0.007061042599480229,63.63225434608911,124.15111048589048,36.88524861197229,50.89506589373664,0.35667314347079826,0.9634837944977025,iot,1
2024-01-01 11:00:00,Mumbai,IoT_Mumbai_003,0.008138402172255598,-0.0040755562517303095,82.31389928367057,83.57035197479766,23.98274991471617,69.81756051843989,0.4246797170225697,0.926148157798975,iot,1
2024-01-01 11:00:00,Mumbai,IoT_Mumbai_004,-0.006563327644510746,0.003758299439684388,64.292071633782,51.63693262707935,36.05167481606638,73.26932504445347,0.33200098918299537,0.7441479883424009,iot,2
2024-01-01 11:00:00,Bengaluru,IoT_Bengaluru_000,0.002924410649598342,0.0005042099869263504,71.53541740497816,153.50500165607474,23.120629439672456,75.15047694230815,0.3772046590019627,0.9215646100120853,iot,1
2024-01-01 11:00:00,Bengaluru,IoT_Bengaluru_001,0.0078903968374475,-0.009303699978827915,57.70261260408712,113.97794959519489,20.77668319635776,67.54132968270105,0.8137897681809709,0.8737383348871017,iot,1
2024-01-01 11:00:00,Bengaluru,IoT_Bengaluru_002,0.0042713072522237005,-0.00012788476408582923,102.4770272377489,98.47084174582643,33.679183756602285,71.15974399542475,0.6985367829188861,0.6347715056232346,iot,1
2024-01-01 11:00:00,Bengaluru,IoT_Bengaluru_003,-0.010584446982729005,-0.007286269442026263,72.70980465010004,135.52561426745842,17.91979269694324,46.51265921194157,0.9837456146947994,0.8723851732864916,iot,1
2024-01-01 11:00:00,Bengaluru,IoT_Bengaluru_004,-0.01219906868480898,0.0052436860480269964,44.624680779292184,64.69759387739683,28.89448720009573,40.519861603257496,0.3683300889656084,0.5665402885661095,iot,1
2024-01-01 11:00:00,Chennai,IoT_Chennai_000,0.00016934117096059886,0.004089749248252926,95.95556002770853,135.0949607341368,38.24439574848289,76.01548575912543,0.5521617551706103,0.5408871187363566,iot,1
2024-01-01 11:00:00,Chennai,IoT_Chennai_001,0.013610479188542279,0.014418262119321772,43.26759065936394,121.09444947288168,24.105544630614094,52.237522234975785,0.8322442407818502,0.8905993246511452,iot,2
2024-01-01 11:00:00,Chennai,IoT_Chennai_002,0.013052898446044925,0.0003799177129806889,60.89569749700254,35.86705380699611,31.62018099201301,53.11839875065107,0.9595378429405421,0.6248606294735384,iot,2
2024-01-01 11:00:00,Chennai,IoT_Chennai_003,-0.0038680317402349737,-0.0013122729587759317,61.85343301194768,76.37453629649171,35.518469333960574,77.59999145390465,0.7968024545058078,0.832101733873299,iot,1
2024-01-01 11:00:00,Chennai,IoT_Chennai_004,0.002933164681734512,0.003771285110053251,62.113997034543395,63.56346561076104,41.378715814751885,64.23682869664331,0.9112603047754466,0.548362075620169,iot,1
2024-01-01 11:00:00,Kolkata,IoT_Kolkata_000,0.011144584641758562,-0.009279347275476536,76.58155871637388,137.67684854441293,10.462070440521183,81.84021585810386,0.6964027593535459,0.997595569929598,iot,1
2024-01-01 11:00:00,Kolkata,IoT_Kolkata_001,0.009831757773734953,-0.0017077524004998523,67.78262235949354,35.237397690835905,34.938681704323976,73.7940823069846,0.7844940237219081,0.7693818806203441,iot,2
2024-01-01 11:00:00,Kolkata,IoT_Kolkata_002,0.0013700241994483513,-0.007060541242352836,47.9547109506435,62.509711885715674,18.292942758252217,84.50565668331672,0.7858858773872812,0.8180871545682112,iot,1
2024-01-01 11:00:00,Kolkata,IoT_Kolkata_003,0.0020260760575909974,0.011656646822208412,36.70600811045208,180.2319269097806,17.38489529498889,55.60646227311463,0.6249364073434732,0.8579259978193761,iot,1
2024-01-01 11:00:00,Kolkata,IoT_Kolkata_004,-0.01035225371245454,-0.013244320979741217,77.22961227946978,61.09084655580588,22.087655083552704,53.93891879124246,0.4544822537383305,0.9321372592453943,iot,2
2024-01-01 12:00:00,Delhi,IoT_Delhi_000,0.01887182533509695,0.00022336953122862113,59.440628013431414,83.01800321785157,24.90399385151517,69.70097046211575,0.9141250527492915,0.6403316864479076,iot,1
2024-01-01 12:00:00,Delhi,IoT_Delhi_001,-0.0007336444880753157,-0.016940653612417974,50.14987954419815,43.20910365510583,15.366159184401212,66.38885517284521,0.5782410579466912,0.6023413687362281,iot,1
2024-01-01 12:00:00,Delhi,IoT_Delhi_002,-0.0013598521706350128,0.010816732186558741,95.66377008502452,137.21704514496957,33.47227310296397,41.69368965758135,0.3190962175758936,0.8521099721896188,iot,1
2024-01-01 12:00:00,Delhi,IoT_Delhi_003,0.013391529913922234,0.008454271674273902,90.3595766055555,55.62292965037172,20.69061040628575,60.98658539923812,0.6145781468476852,0.8805941873050358,iot,1
2024-01-01 12:00:00,Delhi,IoT_Delhi_004,-0.013397307060945976,0.0019670672486604536,60.15073337039732,54.59865597980906,26.653088495278244,46.728796036387905,0.9640143120746838,0.9060086139146901,iot,1
2024-01-01 12:00:00,Mumbai,IoT_Mumbai_000,-0.009177693523532758,-0.0004304941628940794,58.455923736071284,143.79911532103355,17.790013946461844,62.55577970637517,0.30353372615790264,0.7411231581852973,iot,1
2024-01-01 12:00:00,Mumbai,IoT_Mumbai_001,0.0010137462168861063,-0.007986100027676796,73.39171782276654,123.09761410909563,24.408435457916323,54.74339844183358,0.36223251824575414,0.8445688841062597,iot,1
2024-01-01 12:00:00,Mumbai,IoT_Mumbai_002,0.009257872335514393,-0.009825440951831708,80.60384242361927,98.45429330579464,32.06281423168207,54.13245405000705,0.9841141710026331,0.6462459923439536,iot,1
2024-01-01 12:00:00,Mumbai,IoT_Mumbai_003,0.019046688568665024,0.015318846021140139,58.53964412438385,102.01992933470268,20.897977472202435,60.33119984430987,0.8541503310344618,0.9188691884855854,iot,2
2024-01-01 12:00:00,Mumbai,IoT_Mumbai_004,0.0011691969503143836,0.0017392291593898743,87.77404379209062,114.19283443806182,22.40440191233183,58.351823935489435,0.33849403238132264,0.7880176443110467,iot,1
2024-01-01 12:00:00,Bengaluru,IoT_Bengaluru_000,0.001452341598523547,0.003331732989980528,65.38279634745018,123.61535182742949,12.481528976245322,89.60070489812831,0.3585486917486671,0.8729863677958313,iot,1
2024-01-01 12:00:00,Bengaluru,IoT_Bengaluru_001,-0.018171508633723576,-0.0030277159746237843,55.90731844796949,135.80951235202818,28.27932189624778,61.68648923145972,0.5186530443761166,0.9914473794402567,iot,1
2024-01-01 12:00:00,Bengaluru,IoT_Bengaluru_002,0.017743024050114582,-0.013936852344053317,12.265988388801802,84.5401916938144,31.153457472553562,55.35586173835029,0.49893583981037204,0.7426108545780263,iot,1
2024-01-01 12:00:00,Bengaluru,IoT_Bengaluru_003,0.009730845783121354,-0.0008559022567666412,65.83260533894898,39.505050123934105,26.958510181186124,65.61668668352569,0.9839308715019783,0.7156878321227451,iot,1
2024-01-01 12:00:00,Bengaluru,IoT_Bengaluru_004,0.01638814620303834,-0.010161056888760345,64.03490773603471,114.22552740471035,16.990710851366416,55.18871161112783,0.7027120579102724,0.816474540851482,iot,1
2024-01-01 12:00:00,Chennai,IoT_Chennai_000,-0.00023684762054031848,0.011966956369540519,55.59433402439502,74.89761758157921,27.74733066893306,83.78499356452133,0.9665960608134314,0.7375083587112286,iot,2
2024-01-01 12:00:00,Chennai,IoT_Chennai_001,-0.002670028553483866,-0.02095749877778376,63.880813481105164,117.50958218789711,22.094918310210772,48.200213707063426,0.6889058826274931,0.9054912974845051,iot,2
2024-01-01 12:00:00,Chennai,IoT_Chennai_002,0.005406451786280756,0.01905198366809643,68.05762645891686,117.63277701751,18.40126597879151,59.14644621389969,0.7711179863185673,0.9877971475206422,iot,1
2024-01-01 12:00:00,Chennai,IoT_Chennai_003,0.013278140523097,0.0013370722767536457,41.51219828583577,76.04220232377128,17.753183432253728,46.510914059306074,0.6156586380241597,0.6615374940724088,iot,1
2024-01-01 12:00:00,Chennai,IoT_Chennai_004,-0.0009765984322128304,0.004744516229569186,75.3388857969776,150.17742044486653,33.484009858005145,73.89790409930436,0.9230590988097556,0.983508384171702,iot,1
2024-01-01 12:00:00,Kolkata,IoT_Kolkata_000,0.014265970843480356,-0.00755405885404356,77.89613463631693,22.55401312907378,22.69188693987068,59.6139031380359,0.5099809882918689,0.5894893007949286,iot,1
2024-01-01 12:00:00,Kolkata,IoT_Kolkata_001,0.003219200238107313,-0.0033385875038152717,31.07203960740318,113.81088874986824,31.1667268639284,79.46404060087511,0.5724010103157139,0.5829488968272392,iot,1
2024-01-01 12:00:00,Kolkata,IoT_Kolkata_002,-0.004621527206168873,0.007641347120646868,31.66145207029009,118.58875741954489,29.23638175036511,57.26859598247766,0.31095917584557203,0.6581561447283117,iot,1
2024-01-01 12:00:00,Kolkata,IoT_Kolkata_003,-0.0003849467361690553,0.0040166991626321,88.3503255351618,105.74030165900683,19.367607241588967,58.399380211317904,0.5616009502623094,0.7518486061538467,iot,1
2024-01-01 12:00:00,Kolkata,IoT_Kolkata_004,0.015954236706763263,5.234461465736121e-05,79.14260653199212,43.255927132747644,18.116624313170547,75.79897500018593,0.3106872467367271,0.9292291658789504,iot,1
2024-01-01 13:00:00,Delhi,IoT_Delhi_000,0.03630166882949618,-0.01216020686266835,63.39864114270768,119.08708563934357,15.702017610080523,66.20889490232068,0.7130911204109386,0.5829775671893969,iot,1
2024-01-01 13:00:00,Delhi,IoT_Delhi_001,-0.01726420627367424,0.005755313058975964,53.824368043118874,155.09423276613575,20.297617837833418,75.37640682236704,0.800675484299247,0.6453128767215205,iot,2
2024-01-01 13:00:00,Delhi,IoT_Delhi_002,-0.016091680933906644,-0.007665914598841857,57.498400969218935,79.16094908528606,23.051655134961116,45.79427327300087,0.8768426706732837,0.9198875714345183,iot,3
2024-01-01 13:00:00,Delhi,IoT_Delhi_003,0.013888521959786347,0.015199450055108633,79.73366955244579,99.38695405164137,24.788617186149803,73.11224195040289,0.44894742467962123,0.5896491202648517,iot,1
2024-01-01 13:00:00,Delhi,IoT_Delhi_004,-0.004795417956949907,-0.0017318954054540005,60.81290614453009,165.37478118508307,26.450844432315417,69.9398415894584,0.6754809395424841,0.7986490381045633,iot,2
2024-01-01 13:00:00,Mumbai,IoT_Mumbai_000,-0.0033069290501984154,0.0037969065989415726,69.81789785011676,101.38184511965027,17.630978890863403,39.787018824969756,0.8323474089578002,0.8791427288825904,iot,1
2024-01-01 13:00:00,Mumbai,IoT_Mumbai_001,0.0013797119114242534,0.003936288494695371,59.13034969964176,112.81919949336407,21.532098289638444,76.35418287754771,0.8983085693050068,0.7030137095023927,iot,2
2024-01-01 13:00:00,Mumbai,IoT_Mumbai_002,0.005204674713737471,0.0043458050344447365,61.69471970100094,86.49465203498663,33.95892076097858,90.2668287729553,0.5814944505375496,0.5063751623917483,iot,2
2024-01-01 13:00:00,Mumbai,IoT_Mumbai_003,0.007464824487107036,0.0019294540841090916,34.997039072113594,111.69696364116702,19.51966100535527,59.63810487377651,0.35895040351059354,0.5883462254332432,iot,2
2024-01-01 13:00:00,Mumbai,IoT_Mumbai_004,0.013387464742837678,0.011594881550871688,50.62882342620557,66.61186777311616,30.434575013924935,54.65820161274804,0.4538130053881278,0.7028557116005377,iot,1
2024-01-01 13:00:00,Bengaluru,IoT_Bengaluru_000,0.014523798630669776,0.010970957619829125,38.428437454287604,94.1965008850161,41.794464670245596,59.72896592644593,0.6970142722377519,0.6965219608221009,iot,1
2024-01-01 13:00:00,Bengaluru,IoT_Bengaluru_001,0.00033879154639373794,0.02274504643204884,48.20737424485232,42.14413252635699,35.98040104102177,80.00871992657314,0.39066084454781697,0.9695546570860534,iot,1
2024-01-01 13:00:00,Bengaluru,IoT_Bengaluru_002,0.008974953305729103,-0.002292913864447814,72.8648029062637,148.58565819076765,34.071082705612696,61.80539379726349,0.35843234850229405,0.826710433664754,iot,3
2024-01-01 13:00:00,Bengaluru,IoT_Bengaluru_003,-0.0014615872264398832,0.009870065201586998,62.016745201421344,83.07547275799031,30.40237071569125,50.970071749046625,0.6867690368591888,0.7082913081523456,iot,1
2024-01-01 13:00:00,Bengaluru,IoT_Bengaluru_004,0.014700290734702493,-0.011359154640394624,72.77806595328687,79.80450514709631,23.82236825087221,35.30208764594322,0.7309981018916741,0.717270441024575,iot,3
2024-01-01 13:00:00,Chennai,IoT_Chennai_000,-0.010427429185498256,-0.0010114618350348969,69.93153399066384,97.6180905447655,15.765204387942067,95.38409576790862,0.8234395581056717,0.970996176298424,iot,2
2024-01-01 13:00:00,Chennai,IoT_Chennai_001,-0.009139780361870402,-0.018286221819027088,46.661934709357226,105.67899399014789,32.64566249032424,45.982079381634755,0.4062672547357341,0.7787379298182189,iot,1
2024-01-01 13:00:00,Chennai,IoT_Chennai_002,-0.0037284723415028937,0.01867944434036596,23.44909211318913,37.21372425575255,21.50308904223309,52.26081618403614,0.5002136257177865,0.7961245321529677,iot,2
2024-01-01 13:00:00,Chennai,IoT_Chennai_003,0.0013527531224516388,-0.017215277847957636,30.108798000141853,74.18503364998246,35.1361236571937,51.98905008185238,0.41012738141213423,0.5746338665553414,iot,1
2024-01-01 13:00:00,Chennai,IoT_Chennai_004,-0.0019498313014539392,-0.015675384621627587,71.72641471558707,44.85256193319546,38.77729530572341,83.13800759395295,0.5539460014533978,0.6538263768951005,iot,1
2024-01-01 13:00:00,Kolkata,IoT_Kolkata_000,0.0012047760017848185,0.0096693414771465,34.80790312793627,86.5019742053453,27.58105397338987,59.59244913625393,0.3789062854101995,0.810628378155037,iot,1
2024-01-01 13:00:00,Kolkata,IoT_Kolkata_001,-0.019502662935898283,-0.00343012227251836,60.57174717039069,172.61640513427488,41.13793290958603,57.95262717198222,0.3114198703959458,0.7181482445082712,iot,1
2024-01-01 13:00:00,Kolkata,IoT_Kolkata_002,0.009732121711364191,-0.007952105076070705,33.157806056619705,41.697451258589574,24.060677602235035,42.43415266603464,0.7091834600381122,0.8741921635942638,iot,1
2024-01-01 13:00:00,Kolkata,IoT_Kolkata_003,0.021821501035290722,0.004360150573201696,71.26288981110952,42.93615694125497,14.774510002802522,57.93237413353962,0.3003246663668215,0.9629907136033382,iot,2
2024-01-01 13:00:00,Kolkata,IoT_Kolkata_004,-0.0025810760426109953,4.493997572889608e-06,40.619130342611086,69.31734180475708,27.109840008664555,63.23746647367402,0.6885342502411533,0.5985993942814194,iot,1
